no,dapil,partai,nama,pasangan
1,aceh-besar,PARTAI AMANAT NASIONAL,"MUCHLIS ZULKIFLI, ST",ERNAWATI
2,aceh-besar,PARTAI AMANAT NASIONAL,TEZAR AZWAR,"MUHAMMADATI, SH"
3,aceh-besar,PARTAI AMANAT NASIONAL,"HJ. ISMANIAR, SE","HASRULSYAH, SE"
4,aceh-besar,PARTAI AMANAT NASIONAL,H. ZULKIFLI ABDY,Hj. EVA KURNIAWATY
5,aceh-besar,PARTAI AMANAT NASIONAL,H. ZULKIFLI H. ADAM,Hj. MULYANASARI
6,aceh-besar,PARTAI AMANAT NASIONAL,"DEWI MARLINA, A.Ma",ZAHARI
7,aceh-besar,PARTAI AMANAT NASIONAL,"DEDI SUMARDI NURDIN, SKM",NANDA ERLIZA
8,aceh-besar,PARTAI AMANAT NASIONAL,"NAZARUDDIN IBRAHIM, SE",CUT AUZULISNA
9,aceh-besar,PARTAI AMANAT NASIONAL,"NINING SAGITA NOVA, S.Pd",HENDRA
10,aceh-besar,PARTAI AMANAT NASIONAL,"IRA HUSNA, A.Md. Keb",LOVI MASLIADI
11,aceh-besar,PARTAI AMANAT NASIONAL,ZULFITRI,DEWIANASARI
12,aceh-besar,PARTAI BERKARYA,TEUKU SAHRIAL,sari indah puspita
14,aceh-besar,PARTAI BERKARYA,ASBAWI,"ASMALINA, SE"
15,aceh-besar,PARTAI BERKARYA,DRH. FIRDAUS,"CUT DARMAWAN, S.Pd"
16,aceh-besar,PARTAI BERKARYA,MARZUKI,"MILDA YENNI, S.Pd"
17,aceh-besar,PARTAI BULAN BINTANG,"MARWAN, SP",DRA. SITTI AINSYAH
18,aceh-besar,PARTAI BULAN BINTANG,M. JAMAL YUNUS,nnnnn
19,aceh-besar,PARTAI BULAN BINTANG,AGUSTINA,KARDI SUGIARTO (ALM)
20,aceh-besar,PARTAI BULAN BINTANG,"Tgk.. MUHAMMAD YUSUF, S.Ag.,M.Pd",nyak
21,aceh-besar,PARTAI BULAN BINTANG,"HUSNI IBRAHIM, SH.,MH",NANI
22,aceh-besar,PARTAI BULAN BINTANG,"RITA SEPTIANA, A.Md",sapriadi
23,aceh-besar,PARTAI BULAN BINTANG,TGK. NURDIN JOHAN,NUR AINI
24,aceh-besar,PARTAI BULAN BINTANG,BAIHAQI ABDULLAH,ZAIDATULIFFA
25,aceh-besar,PARTAI BULAN BINTANG,"ENDANG WAHYUNI, S.Pd.I",Syafruddin (Alm)
27,aceh-besar,PARTAI BULAN BINTANG,"RUSLI, S.Sos.I",CUT MASHWIATI
28,aceh-besar,PARTAI DAERAH ACEH,"H. AZHAR, MJ ROMENT",WAHYUNI
29,aceh-besar,PARTAI DAERAH ACEH,BUKHARI,RAHMATUN ULYA
31,aceh-besar,PARTAI DAERAH ACEH,SOFYAN SURI,SURIYANI
34,aceh-besar,PARTAI DAERAH ACEH,FAUZIANNUR,FWI FINIS KURNIAWATI
35,aceh-besar,PARTAI DAERAH ACEH,DRS. ZAKIUN FUADI,YUSNA
36,aceh-besar,PARTAI DAERAH ACEH,"ARIANA BETI ARTI, S.H.I",SAIFUL ANWAR
37,aceh-besar,PARTAI DAERAH ACEH,SYARBINI,HERAWATI
39,aceh-besar,PARTAI DEMOKRAT,"T. IBRAHIM, ST. MM.","HJ. RIDA ARIANI, A.MK"
40,aceh-besar,PARTAI DEMOKRAT,"MUZAKIR ABDULLAH, SE.",KAMALIA HASAN
41,aceh-besar,PARTAI DEMOKRAT,"HJ. NURHANIFAH, S.Pd.",MIRZA MAHMUD
42,aceh-besar,PARTAI DEMOKRAT,"YUDI KURNIA, SE.",DIANA PURMASURI
43,aceh-besar,PARTAI DEMOKRAT,"ARIF FADILLAH, s.I.KOM. MM.","SUPIYATI, SP"
44,aceh-besar,PARTAI DEMOKRAT,"Ir.. YUSMAIZAL, M.Si.","SITI AISYAH, SE."
45,aceh-besar,PARTAI DEMOKRAT,Drs.. SAFWAN YUSUF,"ROSMAWAR, SE."
48,aceh-besar,PARTAI DEMOKRAT,"ABD. MUTHALIB, S.Sos.","NURMALA, ST."
49,aceh-besar,PARTAI GERAKAN INDONESIA RAYA,Drs. H. ABDURRAHMAN AHMAD,"CUT DIANA ZAIRIANI, SE"
51,aceh-besar,PARTAI GERAKAN INDONESIA RAYA,Dra. Hj. MASLAILA,"DR. BUKHARI DAUD, M.Ed"
52,aceh-besar,PARTAI GERAKAN INDONESIA RAYA,"EDWAR M. NUR, SE, MM","dr. FITRIA, M.Sc, Sp.KK"
53,aceh-besar,PARTAI GERAKAN INDONESIA RAYA,ZULKASMI,NURLAILA
55,aceh-besar,PARTAI GERAKAN INDONESIA RAYA,H. AMIRUDDIN USMAN DAROY,Hj. WIRDA
57,aceh-besar,PARTAI GERAKAN INDONESIA RAYA,REKI SAFARI,PUTRI SHANTY
58,aceh-besar,PARTAI GERAKAN INDONESIA RAYA,ROSMAINI,SUHARDIN
59,aceh-besar,PARTAI GERAKAN INDONESIA RAYA,H. YUSRI HAMZAH,ROSITA YUSUF
60,aceh-besar,PARTAI GERAKAN PERUBAHAN INDONESIA,"NAZARULLAH, S.Kom","MIA EFRINA, SE"
61,aceh-besar,PARTAI GOLONGAN KARYA,SYUKRI RAHMAT,MARLINA
62,aceh-besar,PARTAI GOLONGAN KARYA,TEUKU JULIANSYAH D,CUT EVA SARI
63,aceh-besar,PARTAI GOLONGAN KARYA,"CUT YENI MUSTIKA, SE",WAHYU ZULFANSYAH
64,aceh-besar,PARTAI GOLONGAN KARYA,"ANSARI MUHAMMAD, S.Pt, M.Si",Ns.Erlinawati
65,aceh-besar,PARTAI GOLONGAN KARYA,A. HAEQAL ASRI,CUT MIQYA DERMAWAN
66,aceh-besar,PARTAI GOLONGAN KARYA,"DEWI HERAFIANA, SE","SYUKRIANTO, S.SOS. M.Si"
67,aceh-besar,PARTAI GOLONGAN KARYA,AFDHAL KHALILULAH,Desi Maulidar
68,aceh-besar,PARTAI GOLONGAN KARYA,"AMMAR FUAD, S.E, M.M","AZNITA ZAHARA, S.E"
69,aceh-besar,PARTAI GOLONGAN KARYA,AGUSNIAR,T.FIRDAUS AKBAR
70,aceh-besar,PARTAI GOLONGAN KARYA,Z. KARMIDI,SITI RAHMAH
71,aceh-besar,PARTAI GOLONGAN KARYA,"RABIATUL IQLIMA, S.Psi","Fuadi, SE"
72,aceh-besar,PARTAI KEADILAN DAN PERSATUAN INDONESIA,"INDRA PURI NYAK CUT, SE",CUT HUSNA
74,aceh-besar,PARTAI KEADILAN DAN PERSATUAN INDONESIA,"LINDA FITRIANA, SE",T. Syaifullah
75,aceh-besar,PARTAI KEADILAN DAN PERSATUAN INDONESIA,"SYAMSUL BAHRI, S.Pt",NURMALAWATI
77,aceh-besar,PARTAI KEADILAN DAN PERSATUAN INDONESIA,SITI ZUHRA,ZYAN NOFRIANDA
78,aceh-besar,PARTAI KEADILAN DAN PERSATUAN INDONESIA,KHAIRUL RIZA,NAILUL AUTHARY
79,aceh-besar,PARTAI KEADILAN DAN PERSATUAN INDONESIA,"RISMAYANI, SE",JOHNNY ANTONIO AHMADY
80,aceh-besar,PARTAI KEADILAN DAN PERSATUAN INDONESIA,TAJUDDIN,HINDUN
81,aceh-besar,PARTAI KEADILAN DAN PERSATUAN INDONESIA,"NURUL NAQIA, S.K.M",SULAIMAN
82,aceh-besar,PARTAI KEADILAN DAN PERSATUAN INDONESIA,BILAL REKHFA PAHLEVIE,VIDIA PURNAMASARI
83,aceh-besar,PARTAI KEBANGKITAN BANGSA,"AMRIZAL, S.HI",EKA MISRINA
84,aceh-besar,PARTAI KEBANGKITAN BANGSA,"BAHARUDDIN, S.SOS",CUT AZIZAH
85,aceh-besar,PARTAI KEBANGKITAN BANGSA,"DYNA SOFYA, SH",ZUL AZMI
86,aceh-besar,PARTAI KEBANGKITAN BANGSA,"RUSMADI USMAN, S.Sos",LISMAWATI
87,aceh-besar,PARTAI KEBANGKITAN BANGSA,ADNAN AMIN,HALIMAH
88,aceh-besar,PARTAI KEBANGKITAN BANGSA,"SITI MURNI, S.Hi, MH",ABDUL HALIM
89,aceh-besar,PARTAI KEBANGKITAN BANGSA,"MUNZAHRI, A. Ma",ISNAYATI
90,aceh-besar,PARTAI KEBANGKITAN BANGSA,NORASYIDAH,MAKHRUZAR. AH
92,aceh-besar,PARTAI KEBANGKITAN BANGSA,"SUZANNA WATI, SE",MUHAMMAD ROYANI
93,aceh-besar,PARTAI KEBANGKITAN BANGSA,"ERNI OKTARI, S.H",MULYADI
94,aceh-besar,PARTAI NANGGROE ACEH,TARMIZI,CUT AULIA MAKHSUM
95,aceh-besar,PARTAI NASDEM,"TEUKU IRWAN DJOHAN, ST","Cut Novita, ST"
96,aceh-besar,PARTAI NASDEM,"Ir. H. MUSA BINTANG, MM",Megawati
97,aceh-besar,PARTAI NASDEM,HJ. DJUSIAH DJAMARAN,H. Ahmad Baryir
98,aceh-besar,PARTAI NASDEM,"FADHLI ALI, SE","dr. Iik Sumarni, Sp.OG"
99,aceh-besar,PARTAI NASDEM,"Drs. H.. MARZUKI ABDULLAH, .MM",Zuriani Us
101,aceh-besar,PARTAI NASDEM,"KOMBES POL (Purn). H.M. HARUN HASYIM, SE, MH",Okta Susana
102,aceh-besar,PARTAI NASDEM,Dra. Hj. KESUMA NIRWANA,Drs. H. Armya Idris
103,aceh-besar,PARTAI NASDEM,"JAFAR SIDDIK, S.Ag. M.M",CUT REGINA
104,aceh-besar,PARTAI NASDEM,"ROSNIDARWATI, S.Ag., M.A","ALFIAN, S.T"
105,aceh-besar,PARTAI SIRA,MUSTAFA,MAIMUNAH
106,aceh-besar,PARTAI SIRA,"MARDALI, SE.Ak",ERNIWATI
107,aceh-besar,PARTAI SIRA,ANI MUZIANI,MUNIR AB
109,aceh-besar,PARTAI SIRA,MUNAWAR,ERLINA HUSNA
111,aceh-besar,PARTAI SIRA,MAULIZA,ERFINAWATI
112,aceh-besar,PARTAI SIRA,"MUHAMMAD, S.Pd",Khatijah
115,aceh-besar,PARTAI SOLIDARITAS INDONESIA,KASDIANA,NURMALA
116,aceh-besar,PARTAI SOLIDARITAS INDONESIA,"NOVITA INDRIANI, S.Pd",ayub
118,aceh-besar,PERSATUAN INDONESIA,"M PAISAL AK PUTEH, SE",Hj Nurdiani
119,aceh-besar,PERSATUAN INDONESIA,"SYARIFUDDIN AHMAD LUBIS, A.Md",Marinda
120,aceh-besar,PERSATUAN INDONESIA,"MARINDA, SE","SYARIFUDIN AHMAD LUBIS, SE"
123,aceh-besar,PERSATUAN INDONESIA,"DIKY JULIANDI, ST",annisa sri agustina
125,aceh-besar,PERSATUAN INDONESIA,"ARIEF SETIADI, SE",wahyuni
126,aceh-besar,PARTAI AMANAT NASIONAL,"H. MUSLIM AYUB, S.H., M.M.",Wilda Liana
127,aceh-besar,PARTAI AMANAT NASIONAL,"MOHD ALFATAH, S.Ag","Siti Khadijah, S. Ag"
128,aceh-besar,PARTAI AMANAT NASIONAL,"ZAKIYAH DRAZAT, S. Tr. Keb",Firdaus D. Nyak Idin
129,aceh-besar,PARTAI AMANAT NASIONAL,H. NAZARUDDIN DEK GAM,dr. Hjr. Rina Mayasari
131,aceh-besar,PARTAI AMANAT NASIONAL,SULAIMAN ALI,Khuratan Aina
132,aceh-besar,PARTAI BERKARYA,"IRA HADIATI, SH",Ir. Rusli Latief
133,aceh-besar,PARTAI BERKARYA,"H. JUNAIDI, SE","HJ. RITA ZAHARA, S. SOS"
134,aceh-besar,PARTAI BERKARYA,SUMIATI,0
135,aceh-besar,PARTAI BERKARYA,DASLELIATI,Teuku Syarifudin
136,aceh-besar,PARTAI BERKARYA,"H. SAYED FUAD ZAKARIA, SE",ARJUWITA
137,aceh-besar,PARTAI BULAN BINTANG,Dr. (H.C.) Tgk. MUHAMMAD YUS,ASLAWATI
139,aceh-besar,PARTAI BULAN BINTANG,"SALAWATI DAHLAN MS, SE",ANSORI
140,aceh-besar,PARTAI BULAN BINTANG,DRS. H.MISWAR SULAIMAN,NONE
141,aceh-besar,PARTAI BULAN BINTANG,"MARDIANA, S.SOS. I",ADNAN
143,aceh-besar,PARTAI DEMOKRASI INDONESIA PERJUANGAN,H. KARIMUN USMAN,Hj. SITI NURMA ROYANA
146,aceh-besar,PARTAI DEMOKRASI INDONESIA PERJUANGAN,"MUSLAHUDDIN DAUD, S.Ag",SETIA DANI
148,aceh-besar,PARTAI DEMOKRASI INDONESIA PERJUANGAN,NASRAN AB,"SUERNI, SE"
150,aceh-besar,PARTAI DEMOKRAT,"RAHMIATI, SE.Ak",RIZKY MAHYUDDIN
151,aceh-besar,PARTAI GERAKAN INDONESIA RAYA,"FADHLULLAH, SE",MUKARRAMAH
152,aceh-besar,PARTAI GERAKAN INDONESIA RAYA,"Dr. ASFIFUDDIN, SH, MH",IBU
153,aceh-besar,PARTAI GERAKAN INDONESIA RAYA,Dra. HJ. ZULHAFAH,"ALM. DR. H. LUTHFI HELMI, SP.P, FCCP"
154,aceh-besar,PARTAI GERAKAN INDONESIA RAYA,AINAL MARDHIAH,HAMZAH
155,aceh-besar,PARTAI GERAKAN INDONESIA RAYA,CUT MEUTIA ADRINA,"Dr. Nurhadi Ibrahim, Phd"
156,aceh-besar,PARTAI GOLONGAN KARYA,ANDI HS,MAZIYATI FARISTIANI
157,aceh-besar,PARTAI GOLONGAN KARYA,CUT SRI MAINITA,BOY HERIYANTO
158,aceh-besar,PARTAI GOLONGAN KARYA,"Drs. H. SULAIMAN ABDA, M.Si",MUSTIKA HAYATI
159,aceh-besar,PARTAI GOLONGAN KARYA,Drs. H.T. ZULKARNAINI,"HJ. KELIMAH, S,SOS"
163,aceh-besar,PARTAI KEADILAN SEJAHTERA,GHUFRAN,Irma Suryani
164,aceh-besar,PARTAI KEADILAN SEJAHTERA,RAFLI,DEWI LISNADIA
165,aceh-besar,PARTAI KEADILAN SEJAHTERA,"SRI HANUM, SE",Murdani ST
166,aceh-besar,PARTAI KEADILAN SEJAHTERA,H. MUHAMMAD RIZAL,Rr. Endah Kusumaningtyasari
167,aceh-besar,PARTAI KEADILAN SEJAHTERA,"ANGGARDA PARAMITA, S.Pd","Roni Yuanda Syahputra, A.Md"
168,aceh-besar,PARTAI KEADILAN SEJAHTERA,"DEVI ARIANI, S.SOS",BUDI SANTOSO
170,aceh-besar,PARTAI KEBANGKITAN BANGSA,"H. IRMAWAN, S.Sos, MM",ELIS DEWI
171,aceh-besar,PARTAI KEBANGKITAN BANGSA,SAYED MUSTAFA USAB AL IDROES,ELLY SUSILAWATI
173,aceh-besar,PARTAI KEBANGKITAN BANGSA,T. NASRUDDIN,nurlaila
174,aceh-besar,PARTAI KEBANGKITAN BANGSA,KHAIRULLAH,EKA PURNAMA SARI
175,aceh-besar,PARTAI KEBANGKITAN BANGSA,"IDAWATI, S.E",JHON TARA
176,aceh-besar,PARTAI KEBANGKITAN BANGSA,"SUHARNI BUSTAMI, S.Pd",jafaruddin
177,aceh-besar,PARTAI NASDEM,"H ZAINI DJALIL, SH","Hj Lindawati, Spd"
178,aceh-besar,PARTAI NASDEM,"TGK. ANWAR, S.PD., MM",Maryam Ulfah
179,aceh-besar,PARTAI NASDEM,"Hj. DRA. MEDIATI HAFNI HANUM, SH,. Mkn","H. Azwir SH, M.Si, Mkn"
180,aceh-besar,PARTAI NASDEM,"Dra. NURHUSNA RAZALI, M.Pd","Yusra Nyakya, SH"
181,aceh-besar,PARTAI PERSATUAN PEMBANGUNAN,AMRI M ALI,"HJ. Erlinawati, S. Ag"
182,aceh-besar,PARTAI PERSATUAN PEMBANGUNAN,"T ZULFIKAR THAIB ALY, SH",Syarifah Rosnawati
183,aceh-besar,PARTAI PERSATUAN PEMBANGUNAN,"ROSNI IDHAM,SE","Bismi AB, S.Pd"
184,aceh-besar,PARTAI PERSATUAN PEMBANGUNAN,IBNU AQIL,Ita Kausari
185,aceh-besar,PARTAI PERSATUAN PEMBANGUNAN,H. RUSYDI AW,Hj. Anita
186,aceh-besar,PARTAI PERSATUAN PEMBANGUNAN,ONIE SEPTARINA R,"Ir. Amarullah leman , M.Si"
187,aceh-besar,PARTAI SOLIDARITAS INDONESIA,"DRS. H ANHARUDDIN, SE, MM",DRA HJ RAHMIATI MM
188,aceh-besar,PARTAI SOLIDARITAS INDONESIA,YAZIR AKRAMULLAH,Zuriyati
189,aceh-besar,PARTAI SOLIDARITAS INDONESIA,NURTI SARIANI,NN
190,aceh-besar,PARTAI SOLIDARITAS INDONESIA,HERLINA,NN
192,aceh-besar,PARTAI SOLIDARITAS INDONESIA,AHMAD NABIL,MARDIANA
193,aceh-besar,PARTAI SOLIDARITAS INDONESIA,SAFRAN,Santi Widiastuti
194,aceh-besar,PERSATUAN INDONESIA,"HAMDANI HAMID, S.P","SILVANA, SE"
195,aceh-besar,PERSATUAN INDONESIA,"ZULKARNAIN, S.E., M.M",DARSIAH
197,aceh-besar,PERSATUAN INDONESIA,"EFFRI DANDA, S.E","IIN MIRNA IRWANTINI, SH"
199,aceh-besar,PERSATUAN INDONESIA,SAMSIR ALI,MENIK YULIANI WINOTO
200,aceh-besar,PERSATUAN INDONESIA,CITRA LEVIONITA ANDREAN,BANDORO MEGAPUTRA
201,aceh-tengah,PARTAI AMANAT NASIONAL,SYIRAJUDDIN,RINA AWALIYAH PANJAITAN
202,aceh-tengah,PARTAI AMANAT NASIONAL,BUSTAMAM ARDY,MARYATI
203,aceh-tengah,PARTAI AMANAT NASIONAL,WAHYUNI,JULIANTO ARGI
204,aceh-tengah,PARTAI AMANAT NASIONAL,LAELA HAYATI,RAHMAD PADLI
205,aceh-tengah,PARTAI AMANAT NASIONAL,FADLI ULFA,TA JIAH
206,aceh-tengah,PARTAI AMANAT NASIONAL,SYAPARUDDIN,ZAELAWATI
207,aceh-tengah,PARTAI BERKARYA,RUHAMAN SUHADA,NURAINI
208,aceh-tengah,PARTAI BULAN BINTANG,IR.. DJUMHUR,Rizkani
209,aceh-tengah,PARTAI BULAN BINTANG,IR.. M. ALI,"ASMAWATI, BA"
210,aceh-tengah,PARTAI BULAN BINTANG,MUZAWIRAH,zulkifli idris
211,aceh-tengah,PARTAI BULAN BINTANG,"MUHAMMAD DARUL, S.P","SUSPARIDAINI, S.Kep"
212,aceh-tengah,PARTAI BULAN BINTANG,"ASFI NURTILAWAH, A.Md. Keb",RAHMADI
213,aceh-tengah,PARTAI BULAN BINTANG,BANTASYAM,RASIDAH
214,aceh-tengah,PARTAI DEMOKRAT,"IR.. ALAIDIN ABU ABBAS, MM.","HJ. NILAWATI, S.PD."
215,aceh-tengah,PARTAI DEMOKRAT,NIRFAN JAYA,"ERNAWATI, S.PD."
216,aceh-tengah,PARTAI DEMOKRAT,JURAIDAH,SAPARUDIN
217,aceh-tengah,PARTAI DEMOKRAT,"FIRMAN YOGA, ST.",dr. EVI NABILA
218,aceh-tengah,PARTAI DEMOKRAT,MUHAMMAD YASIN,SUSILAWATI
219,aceh-tengah,PARTAI DEMOKRAT,"SUCI RAHMAWATI, S.Pd.",Sutri Handoko
220,aceh-tengah,PARTAI GERAKAN INDONESIA RAYA,"Drs. H. TAUFIK, MM",RAFIQAH
221,aceh-tengah,PARTAI GERAKAN INDONESIA RAYA,"BINAKIR, S.K.M",Hj. HALIMAH
222,aceh-tengah,PARTAI GERAKAN INDONESIA RAYA,SRI WAHYULI,EDI KURNIAWAN
223,aceh-tengah,PARTAI GERAKAN INDONESIA RAYA,"AMIRUDDIN, SE","MUSFIRAH, M.Pd"
224,aceh-tengah,PARTAI GERAKAN INDONESIA RAYA,CHAIDIR,"ERNI SAFWAR, SP"
226,aceh-tengah,PARTAI GOLONGAN KARYA,HENDRA BUDIAN,SORAYA H. M. ISA
227,aceh-tengah,PARTAI GOLONGAN KARYA,DJULIATI,MUDARLIAN
229,aceh-tengah,PARTAI GOLONGAN KARYA,INDRA GUNAWAN,CHADIJAH BACHRUM
230,aceh-tengah,PARTAI GOLONGAN KARYA,SASMAYATI,Ir. M. Sarkati
231,aceh-tengah,PARTAI GOLONGAN KARYA,"ARAMIKO ARITONANG, S.Sos",WULANDARI ASWIRAH S.Pd
232,aceh-tengah,PARTAI KEBANGKITAN BANGSA,SALIHIN,SARINEM
233,aceh-tengah,PARTAI KEBANGKITAN BANGSA,"ALAMSYAH MAHMUD GAYO, SH. MM",SARWIANA
234,aceh-tengah,PARTAI KEBANGKITAN BANGSA,"ROSNAWITA, S.Sos",TEUKU NARENSYAH
235,aceh-tengah,PARTAI KEBANGKITAN BANGSA,JUSRIADI,KASMAWATI
237,aceh-tengah,PARTAI NASDEM,RAMADHANA LUBIS,Rahmayani
238,aceh-tengah,PARTAI NASDEM,DESI ANI,Taufik Rusdi
239,aceh-tengah,PARTAI NASDEM,"Drs, H.. T. ISLAH, M.Si",Rahmawati
240,aceh-tengah,PARTAI NASDEM,"AMPERA G, ST, MT",Hanisa Fitri
242,aceh-tengah,PARTAI SIRA,BUCHARI,NURSIDAH
243,aceh-tengah,PARTAI SIRA,MUHAMMAD,SUARNI
244,aceh-tengah,PARTAI SIRA,AFRILIZA AMALIA SIREGAR,SYUKURRULLAH
248,aceh-tengah,PERSATUAN INDONESIA,MAIDA SARI,AZHARI
250,aceh-tengah,PARTAI AMANAT NASIONAL,TEUKU HASBULLAH. HD,Dewi Diana Aji
251,aceh-tengah,PARTAI AMANAT NASIONAL,"Dr. AHMAD FARHAN HAMID, MS","Ir. Ferry Soraya, MSIE"
252,aceh-tengah,PARTAI AMANAT NASIONAL,"ERMIADI ABDUL RAHMAN, ST","NOVIANITA AR, SKM"
253,aceh-tengah,PARTAI AMANAT NASIONAL,"ROSNAWATI, S.Pd.I",KHUWALID
254,aceh-tengah,PARTAI AMANAT NASIONAL,"H. BASRUN YUSUF, SH",Damayanti
255,aceh-tengah,PARTAI BERKARYA,Drs. TEUKU BUSTAMI UMAR,ERNAWATI. B
256,aceh-tengah,PARTAI BERKARYA,"Drs. T.A. RAHMAN ALBA, MM","Cut Nurhayati,SE Ak"
258,aceh-tengah,PARTAI BERKARYA,SUNDARI,T. MELDY SAHPUTRA
259,aceh-tengah,PARTAI BULAN BINTANG,"AZHARI CAGE, S.IP",TARMIZI HAMZAH
261,aceh-tengah,PARTAI BULAN BINTANG,"H. A. RIDWAN M DALLAH, SE",HJ. DR. FATIMAH ZURAIDA
262,aceh-tengah,PARTAI BULAN BINTANG,"ISWADI, M.Pd",SITI AMINAH
263,aceh-tengah,PARTAI BULAN BINTANG,"PIPIH SOPIAH, SE",ABDULLAH
264,aceh-tengah,PARTAI DEMOKRASI INDONESIA PERJUANGAN,Ir. H. TAGORE ABU BAKAR,MEUTIA FAUZIAH
265,aceh-tengah,PARTAI DEMOKRASI INDONESIA PERJUANGAN,"HJ. MARIA KARSIA, S.S.",A. TAVIP SYAH
266,aceh-tengah,PARTAI DEMOKRASI INDONESIA PERJUANGAN,"GUNTARAYADI, S.P.",EMI SHINTA SITANGGANG
267,aceh-tengah,PARTAI DEMOKRASI INDONESIA PERJUANGAN,HUSAINI MH,DARA ARUNI
268,aceh-tengah,PARTAI DEMOKRASI INDONESIA PERJUANGAN,MUHAMMAD SUFI,Rizwana
269,aceh-tengah,PARTAI DEMOKRASI INDONESIA PERJUANGAN,"LISNAWATI GINTING, S.H.,M.H.",RIDHO MARIUS BANGUN
270,aceh-tengah,PARTAI GERAKAN INDONESIA RAYA,"Ir. H. T. A. KHALID, M.M",CUT AFNI ZAHARA
271,aceh-tengah,PARTAI GERAKAN INDONESIA RAYA,CUT PUTEH,BAPAK
272,aceh-tengah,PARTAI GERAKAN INDONESIA RAYA,"FERRY MUNANDAR, ST",IBU
273,aceh-tengah,PARTAI GERAKAN INDONESIA RAYA,"Ir. H. NASARUDDIN, MM",Hj. APINI
274,aceh-tengah,PARTAI GERAKAN INDONESIA RAYA,"SITI NURMASYITHAH, S.Sos",BAPAK
275,aceh-tengah,PARTAI GOLONGAN KARYA,ILHAM PANGESTU,VENTY ANGRIANI
276,aceh-tengah,PARTAI GOLONGAN KARYA,DRS. H. MARZUKI DAUD,POCUT OLLY IDAMULINA
278,aceh-tengah,PARTAI GOLONGAN KARYA,"FIRMANDEZ, S.E., Ak.",ROSMULYATI
279,aceh-tengah,PARTAI GOLONGAN KARYA,"REDUK NILAWARNI, S.Pd",ZAMHARIR AR
280,aceh-tengah,PARTAI GOLONGAN KARYA,T. YUSNI,ROSMALINA
281,aceh-tengah,PARTAI KEADILAN SEJAHTERA,"H. MUHAMMAD NASIR DJAMIL, S. AG.,M. Si",KHASANAH
282,aceh-tengah,PARTAI KEADILAN SEJAHTERA,"TGK. H. MUHAMMAD NUR, M. Si",dr. Nur Asiah Fitria
283,aceh-tengah,PARTAI KEADILAN SEJAHTERA,BARMANSYAH,INDI LISTYOWATI
284,aceh-tengah,PARTAI KEADILAN SEJAHTERA,"M. YUSUF ISMAIL PASE, SH, MH",HJ. MEUTIA AHMAD S.Pd
285,aceh-tengah,PARTAI KEADILAN SEJAHTERA,"SARI DEWI, SE.Ak",M. Fauzi
287,aceh-tengah,PARTAI KEBANGKITAN BANGSA,"SAYUTI, SH.MH",YULINDA
289,aceh-tengah,PARTAI KEBANGKITAN BANGSA,RUSLAN M. DAUD,HJ. FARIDAH BINTI ADAM
290,aceh-tengah,PARTAI KEBANGKITAN BANGSA,RAHMI ABDI,Ngatimin
291,aceh-tengah,PARTAI KEBANGKITAN BANGSA,"FAISAL RIDHA, S.Ag., MM",Maitanur binti Mahyiddin
292,aceh-tengah,PARTAI NASDEM,ZULFAN LINDAN,Nurdjannah
293,aceh-tengah,PARTAI NASDEM,MUHARUDDIN,Syarifah Rahmah
294,aceh-tengah,PARTAI NASDEM,FATIMAH ZUHRA,Muhammad Syukri
295,aceh-tengah,PARTAI NASDEM,EFENDI,Asmaryati
296,aceh-tengah,PARTAI NASDEM,"DR. IBRAHIM HASYIM SE, MM",Joy Sarabia Ibrahim
298,aceh-tengah,PARTAI PERSATUAN PEMBANGUNAN,"H ANWAR IDRIS,DRS",Hj. Rohayanilawati
299,aceh-tengah,PARTAI PERSATUAN PEMBANGUNAN,AKMAL HANIF,Putri
300,aceh-tengah,PARTAI PERSATUAN PEMBANGUNAN,NURHANITA ZAHARA,"Sudianto, SH"
301,aceh-tengah,PARTAI PERSATUAN PEMBANGUNAN,Ir. SYUKUR KOBATH,Iwardatika
302,aceh-tengah,PARTAI PERSATUAN PEMBANGUNAN,"JAMALUDIN, SE",Arie Wardiana
303,aceh-tengah,PARTAI PERSATUAN PEMBANGUNAN,CUT FATNIAH,"Dedi Fariadi,M.Pd"
304,aceh-tengah,PARTAI SOLIDARITAS INDONESIA,"KAMARUDDIN, SH",RR ILMIA ASTUTI RAHAYU
305,aceh-tengah,PARTAI SOLIDARITAS INDONESIA,"RAMADLAN, ST, MT",ROSNAWATI AMD KES
306,aceh-tengah,PARTAI SOLIDARITAS INDONESIA,IKA LESTARI,NN
308,aceh-tengah,PARTAI SOLIDARITAS INDONESIA,ZAMZAMI,CUT SANTI NORAVITA
311,aceh-tengah,PERSATUAN INDONESIA,HERMAN KOSASIH,RATNA DEWI
312,aceh-tengah,PERSATUAN INDONESIA,"HERMAN BAHARI, S.H",SITI AISYAH
313,aceh-tengah,PERSATUAN INDONESIA,"RAZALI ZAINUDDIN, A.Md.","Idawati, S.Km"
315,aceh-tengah,PERSATUAN INDONESIA,SIWI ASRI MOPRIRATNA,DONNY APRILIANANDA
316,aceh-utara,PARTAI AMANAT NASIONAL,ZULHADI,FITRI YANTI
317,aceh-utara,PARTAI AMANAT NASIONAL,"AIYUB, SH., M.Si","SRI HANDAYANI, SE"
319,aceh-utara,PARTAI AMANAT NASIONAL,M. SANI ISHAK,YUSDIANA
320,aceh-utara,PARTAI AMANAT NASIONAL,"SAIFULLAH, S.Sos",SARDANIAH
321,aceh-utara,PARTAI AMANAT NASIONAL,MAULIANA,AHYAR FUADI
322,aceh-utara,PARTAI AMANAT NASIONAL,MUKSALMINA,NURLINA
323,aceh-utara,PARTAI AMANAT NASIONAL,"T. ZULFIKAR MAHMUD, ST",dr. RINDA LIANA
324,aceh-utara,PARTAI AMANAT NASIONAL,"NURSAFNI, A.MK",TARMIZI
325,aceh-utara,PARTAI AMANAT NASIONAL,SOFYAN PUTEH,MUSRIYANI HASAN
326,aceh-utara,PARTAI AMANAT NASIONAL,FITRIANI ISHAK,JUNAIDI
327,aceh-utara,PARTAI AMANAT NASIONAL,FAISAL,FITRIAH
328,aceh-utara,PARTAI BERKARYA,"ZULFIKAR RASYID, SE",FERAWATI SIMATUPANG
329,aceh-utara,PARTAI BERKARYA,HASDIANA,T. IVAN MIRZA
330,aceh-utara,PARTAI BERKARYA,MUHAMMAD NUR,NURLAILA
332,aceh-utara,PARTAI BERKARYA,MAIMUDDIN ISHAK,YUNIAR. S.Kep
333,aceh-utara,PARTAI BULAN BINTANG,dr.. REZA,SITI
334,aceh-utara,PARTAI BULAN BINTANG,"IR.. H. T. MUTTAQIN, MM",UMMI ATTIYAH
337,aceh-utara,PARTAI BULAN BINTANG,IR.. ZAINAL ABIDIN,SAFWANI
338,aceh-utara,PARTAI BULAN BINTANG,ELLYANA,AZHAR
341,aceh-utara,PARTAI BULAN BINTANG,"JAILANI, SH",KHAIRINA
342,aceh-utara,PARTAI BULAN BINTANG,DINA ANDIWANI,Almarhum
346,aceh-utara,PARTAI DAERAH ACEH,AYU NITA,MURTHALA
347,aceh-utara,PARTAI DAERAH ACEH,MARZUKI,ROSMAWATI A MAJID
348,aceh-utara,PARTAI DAERAH ACEH,"TGK RUSLAN BIN ABDUL JALIL, S.SOS,. MM","RAHMIYANTI, S.Pd.I"
350,aceh-utara,PARTAI DAERAH ACEH,"AMARDUNA, S.Pd",NURLINA
351,aceh-utara,PARTAI DAERAH ACEH,"NOVIANTY, S.Pd",MUJIBURRAHMAN
353,aceh-utara,PARTAI DEMOKRAT,"TANTAWI, S.IP","HJ. MONALISA, S.Pd."
354,aceh-utara,PARTAI DEMOKRAT,"M. HASBI, S.Sos. MSM.","RASMIA, S.Pd."
356,aceh-utara,PARTAI DEMOKRAT,"TARMIDINSYAH ABUBAKAR, SE.",SRI INDAH MAYA
358,aceh-utara,PARTAI DEMOKRAT,"NAZARUDDIN, SH.",RITA ZAHARA
359,aceh-utara,PARTAI DEMOKRAT,"MUHAMMAD KAMAL, SE.","NURUL AKMAL, S.KM."
360,aceh-utara,PARTAI DEMOKRAT,"NUR ANISAH, SE.",NOFALIDA
364,aceh-utara,PARTAI GERAKAN INDONESIA RAYA,"H. RIDWAN YUNUS, SH",NAILA HAFNI
365,aceh-utara,PARTAI GERAKAN INDONESIA RAYA,JUNAIDI YAHYA,Karina Olivia
366,aceh-utara,PARTAI GERAKAN INDONESIA RAYA,ROSMAWATI,MUZAKIR A KASEM
367,aceh-utara,PARTAI GERAKAN INDONESIA RAYA,MUHAMMAD ISA,AFRIDA
368,aceh-utara,PARTAI GERAKAN INDONESIA RAYA,ASNAWI IDRIS,MAULIDAR
369,aceh-utara,PARTAI GERAKAN INDONESIA RAYA,FATMA SARI BEWI,SURYA EFENDI
370,aceh-utara,PARTAI GERAKAN INDONESIA RAYA,ABDUL MUKTI,DIAN ZOHRA
371,aceh-utara,PARTAI GERAKAN INDONESIA RAYA,SOFYAN M. ADAM,SUTRI YANTI (Alm)
372,aceh-utara,PARTAI GERAKAN INDONESIA RAYA,MAULIDAR,MUHAMMAD ADLI
374,aceh-utara,PARTAI GERAKAN INDONESIA RAYA,INTAN HUMAIRA,Dr.LUKMAN HAKIM.B
375,aceh-utara,PARTAI GERAKAN INDONESIA RAYA,MUKLIS AZHAR,IDA IRAWATI
377,aceh-utara,PARTAI GERAKAN PERUBAHAN INDONESIA,"ANTONI ZULKARNAINI, SH",SRI RAHAYU
378,aceh-utara,PARTAI GERAKAN PERUBAHAN INDONESIA,WINDA LESTARI,T. SAIFUL
379,aceh-utara,PARTAI GOLONGAN KARYA,"TEUKU ALFIANSYAH, SH",Rizki Amelia Putri
380,aceh-utara,PARTAI GOLONGAN KARYA,"NAZAR SAPUTRA, S.E",NURUL RAHMI
381,aceh-utara,PARTAI GOLONGAN KARYA,DRH. NURAINI MAIDA,Ir. Sori hamonangan
382,aceh-utara,PARTAI GOLONGAN KARYA,T. MAULANA YAHYA,"FEBY SUSANTI,SE"
383,aceh-utara,PARTAI GOLONGAN KARYA,SAYUTI M.NUR,NELLITA
384,aceh-utara,PARTAI GOLONGAN KARYA,"TJUT IKAMAULIZA, S.Pd",SABRI BADRUDDIN
385,aceh-utara,PARTAI GOLONGAN KARYA,ZULKIFLI,SAUDAH
388,aceh-utara,PARTAI GOLONGAN KARYA,"MUHAMMAD ICHSAN, S.T",AFRIANI
389,aceh-utara,PARTAI GOLONGAN KARYA,FAUZIAH HANUM,SAIMUN
390,aceh-utara,PARTAI GOLONGAN KARYA,T. MUHAMMAD ISA AZIZ,AIDA FONNA
393,aceh-utara,PARTAI KEADILAN DAN PERSATUAN INDONESIA,"AFRIDAWATI, S.Pd",JUFRIADI
394,aceh-utara,PARTAI KEBANGKITAN BANGSA,IDRIS,CUT SUFLIATI
395,aceh-utara,PARTAI KEBANGKITAN BANGSA,"HELMI MUSA KUTA, SH",NOVIE ERLEY
396,aceh-utara,PARTAI KEBANGKITAN BANGSA,"HALIMATUSSAKDIAH, SE",PANDAPOTAN HARAHAP
397,aceh-utara,PARTAI KEBANGKITAN BANGSA,"BADRUDDIN, SE MM",KURNIASIH
398,aceh-utara,PARTAI KEBANGKITAN BANGSA,"NASRULLAH, SHI",MURNIATI YUSUF
401,aceh-utara,PARTAI NASDEM,"T. RUDI FATAHUL HADI, S.HI",Martiya Winda Sari
402,aceh-utara,PARTAI NASDEM,"INDRIANI, Amd",Teuku Izin
403,aceh-utara,PARTAI NASDEM,YUCHANDRA. H,Gustia Erna Wahyuni
404,aceh-utara,PARTAI NASDEM,"ZAINI, S.H",DARMAWATI
405,aceh-utara,PARTAI NASDEM,"Tgk. H. SANUSI USMAN, S.Pd.I",Khairiyah
406,aceh-utara,PARTAI NASDEM,DESRIANI,ISMAIL ALI
408,aceh-utara,PARTAI NASDEM,M. NASIR,SAFARIYAH
410,aceh-utara,PARTAI NASDEM,SUNARYO,MELYA NANDA
411,aceh-utara,PARTAI NASDEM,CUT MARIATI,k
412,aceh-utara,PARTAI NASDEM,"Drs. H. MUHAMMAD JAMIL, M.Kes",Hj. Suswita
413,aceh-utara,PARTAI SIRA,ABDUL HADI,MISYATI
414,aceh-utara,PARTAI SIRA,"ISMAIL, S.Pd.I., M.Pd.",NURHAYATI
415,aceh-utara,PARTAI SIRA,MAHDALENA,Ir. AHMAD FAUZA OBANY
416,aceh-utara,PARTAI SIRA,H. SULAIMAN IBRAHIM,CUT SURDIANA TM DAUD
417,aceh-utara,PARTAI SIRA,MUSLIM SYAMSUDDIN,Sufiyanti
418,aceh-utara,PARTAI SIRA,"MIFTAHUL JANNAH, ST","Safaruddin, SH"
419,aceh-utara,PARTAI SIRA,"MUHAMMAD DAUD, SKM., M.Si",REZEKI FERDIANTI
420,aceh-utara,PARTAI SIRA,"SATRIA PUTRA, A. Md. Kep",MAULINDAWATI
424,aceh-utara,PARTAI SIRA,AMIRANDA AB,NURMALI
426,aceh-utara,PARTAI SOLIDARITAS INDONESIA,ZULKIFLI,fadillah
427,aceh-utara,PARTAI SOLIDARITAS INDONESIA,HUSDALIFAH,SYAMSUL BAHRI
430,aceh-utara,PERSATUAN INDONESIA,MURTALA,siti masitah
433,aceh-utara,PARTAI AMANAT NASIONAL,TEUKU HASBULLAH. HD,Dewi Diana Aji
434,aceh-utara,PARTAI AMANAT NASIONAL,"Dr. AHMAD FARHAN HAMID, MS","Ir. Ferry Soraya, MSIE"
435,aceh-utara,PARTAI AMANAT NASIONAL,"ERMIADI ABDUL RAHMAN, ST","NOVIANITA AR, SKM"
436,aceh-utara,PARTAI AMANAT NASIONAL,"ROSNAWATI, S.Pd.I",KHUWALID
437,aceh-utara,PARTAI AMANAT NASIONAL,"H. BASRUN YUSUF, SH",Damayanti
438,aceh-utara,PARTAI BERKARYA,Drs. TEUKU BUSTAMI UMAR,ERNAWATI. B
439,aceh-utara,PARTAI BERKARYA,"Drs. T.A. RAHMAN ALBA, MM","Cut Nurhayati,SE Ak"
441,aceh-utara,PARTAI BERKARYA,SUNDARI,T. MELDY SAHPUTRA
442,aceh-utara,PARTAI BULAN BINTANG,"AZHARI CAGE, S.IP",TARMIZI HAMZAH
444,aceh-utara,PARTAI BULAN BINTANG,"H. A. RIDWAN M DALLAH, SE",HJ. DR. FATIMAH ZURAIDA
445,aceh-utara,PARTAI BULAN BINTANG,"ISWADI, M.Pd",SITI AMINAH
446,aceh-utara,PARTAI BULAN BINTANG,"PIPIH SOPIAH, SE",ABDULLAH
447,aceh-utara,PARTAI DEMOKRASI INDONESIA PERJUANGAN,Ir. H. TAGORE ABU BAKAR,MEUTIA FAUZIAH
448,aceh-utara,PARTAI DEMOKRASI INDONESIA PERJUANGAN,"HJ. MARIA KARSIA, S.S.",A. TAVIP SYAH
449,aceh-utara,PARTAI DEMOKRASI INDONESIA PERJUANGAN,"GUNTARAYADI, S.P.",EMI SHINTA SITANGGANG
450,aceh-utara,PARTAI DEMOKRASI INDONESIA PERJUANGAN,HUSAINI MH,DARA ARUNI
451,aceh-utara,PARTAI DEMOKRASI INDONESIA PERJUANGAN,MUHAMMAD SUFI,Rizwana
452,aceh-utara,PARTAI DEMOKRASI INDONESIA PERJUANGAN,"LISNAWATI GINTING, S.H.,M.H.",RIDHO MARIUS BANGUN
453,aceh-utara,PARTAI GERAKAN INDONESIA RAYA,"Ir. H. T. A. KHALID, M.M",CUT AFNI ZAHARA
454,aceh-utara,PARTAI GERAKAN INDONESIA RAYA,CUT PUTEH,BAPAK
455,aceh-utara,PARTAI GERAKAN INDONESIA RAYA,"FERRY MUNANDAR, ST",IBU
456,aceh-utara,PARTAI GERAKAN INDONESIA RAYA,"Ir. H. NASARUDDIN, MM",Hj. APINI
457,aceh-utara,PARTAI GERAKAN INDONESIA RAYA,"SITI NURMASYITHAH, S.Sos",BAPAK
458,aceh-utara,PARTAI GOLONGAN KARYA,ILHAM PANGESTU,VENTY ANGRIANI
459,aceh-utara,PARTAI GOLONGAN KARYA,DRS. H. MARZUKI DAUD,POCUT OLLY IDAMULINA
461,aceh-utara,PARTAI GOLONGAN KARYA,"FIRMANDEZ, S.E., Ak.",ROSMULYATI
462,aceh-utara,PARTAI GOLONGAN KARYA,"REDUK NILAWARNI, S.Pd",ZAMHARIR AR
463,aceh-utara,PARTAI GOLONGAN KARYA,T. YUSNI,ROSMALINA
464,aceh-utara,PARTAI KEADILAN SEJAHTERA,"H. MUHAMMAD NASIR DJAMIL, S. AG.,M. Si",KHASANAH
465,aceh-utara,PARTAI KEADILAN SEJAHTERA,"TGK. H. MUHAMMAD NUR, M. Si",dr. Nur Asiah Fitria
466,aceh-utara,PARTAI KEADILAN SEJAHTERA,BARMANSYAH,INDI LISTYOWATI
467,aceh-utara,PARTAI KEADILAN SEJAHTERA,"M. YUSUF ISMAIL PASE, SH, MH",HJ. MEUTIA AHMAD S.Pd
468,aceh-utara,PARTAI KEADILAN SEJAHTERA,"SARI DEWI, SE.Ak",M. Fauzi
470,aceh-utara,PARTAI KEBANGKITAN BANGSA,"SAYUTI, SH.MH",YULINDA
472,aceh-utara,PARTAI KEBANGKITAN BANGSA,RUSLAN M. DAUD,HJ. FARIDAH BINTI ADAM
473,aceh-utara,PARTAI KEBANGKITAN BANGSA,RAHMI ABDI,Ngatimin
474,aceh-utara,PARTAI KEBANGKITAN BANGSA,"FAISAL RIDHA, S.Ag., MM",Maitanur binti Mahyiddin
475,aceh-utara,PARTAI NASDEM,ZULFAN LINDAN,Nurdjannah
476,aceh-utara,PARTAI NASDEM,MUHARUDDIN,Syarifah Rahmah
477,aceh-utara,PARTAI NASDEM,FATIMAH ZUHRA,Muhammad Syukri
478,aceh-utara,PARTAI NASDEM,EFENDI,Asmaryati
479,aceh-utara,PARTAI NASDEM,"DR. IBRAHIM HASYIM SE, MM",Joy Sarabia Ibrahim
481,aceh-utara,PARTAI PERSATUAN PEMBANGUNAN,"H ANWAR IDRIS,DRS",Hj. Rohayanilawati
482,aceh-utara,PARTAI PERSATUAN PEMBANGUNAN,AKMAL HANIF,Putri
483,aceh-utara,PARTAI PERSATUAN PEMBANGUNAN,NURHANITA ZAHARA,"Sudianto, SH"
484,aceh-utara,PARTAI PERSATUAN PEMBANGUNAN,Ir. SYUKUR KOBATH,Iwardatika
485,aceh-utara,PARTAI PERSATUAN PEMBANGUNAN,"JAMALUDIN, SE",Arie Wardiana
486,aceh-utara,PARTAI PERSATUAN PEMBANGUNAN,CUT FATNIAH,"Dedi Fariadi,M.Pd"
487,aceh-utara,PARTAI SOLIDARITAS INDONESIA,"KAMARUDDIN, SH",RR ILMIA ASTUTI RAHAYU
488,aceh-utara,PARTAI SOLIDARITAS INDONESIA,"RAMADLAN, ST, MT",ROSNAWATI AMD KES
489,aceh-utara,PARTAI SOLIDARITAS INDONESIA,IKA LESTARI,NN
491,aceh-utara,PARTAI SOLIDARITAS INDONESIA,ZAMZAMI,CUT SANTI NORAVITA
494,aceh-utara,PERSATUAN INDONESIA,HERMAN KOSASIH,RATNA DEWI
495,aceh-utara,PERSATUAN INDONESIA,"HERMAN BAHARI, S.H",SITI AISYAH
496,aceh-utara,PERSATUAN INDONESIA,"RAZALI ZAINUDDIN, A.Md.","Idawati, S.Km"
498,aceh-utara,PERSATUAN INDONESIA,SIWI ASRI MOPRIRATNA,DONNY APRILIANANDA
499,asahan,PARTAI AMANAT NASIONAL,YAHDI KHOIR HARAHAP,SATIA MARINI MARGOLANG
500,asahan,PARTAI AMANAT NASIONAL,"HJ. ZURAIDAH GHINA, SE",IR. DES ARIYANTO
501,asahan,PARTAI AMANAT NASIONAL,ABDUL KHOLIK HARAHAP,KHAIRIAH SIREGAR
502,asahan,PARTAI AMANAT NASIONAL,"BUDI ARDHYA UTAMA, S.SOS",LIZA DAMAYANTI LAFAU
503,asahan,PARTAI AMANAT NASIONAL,ANDA SUHENDRA RAMBE,EKA DIAN RAHMAYUNI
504,asahan,PARTAI AMANAT NASIONAL,"SANTI OCTAVENTI, SPD",JIMMI ALICAN SIREGAR
506,asahan,PARTAI AMANAT NASIONAL,NURDIN,NIRWATI KEMALA SARI
507,asahan,PARTAI AMANAT NASIONAL,ZAHARA,MUHAMMAD GUSTIAN
508,asahan,PARTAI AMANAT NASIONAL,MUHAMMAD TASLIM,DAHWANI FITRI
509,asahan,PARTAI BERKARYA,MAYANG SARI,SUMALI
510,asahan,PARTAI BULAN BINTANG,"HADDAMAINI, SH",DRS. JAMRAH
511,asahan,PARTAI BULAN BINTANG,"IR. T. ALEXANDER FASHA, M.Sc",Erni Rohaeni
512,asahan,PARTAI BULAN BINTANG,"SAFRIDA HANUM DAMANIK, S.Pd",MUHAMMAD HAFIZ
513,asahan,PARTAI BULAN BINTANG,"ZAINAL, S.Pd",ROSIDAH
514,asahan,PARTAI BULAN BINTANG,"KHAIRUL ANHAR HARAHAP, SH","HENNY PRASILAWATY, SKM"
515,asahan,PARTAI BULAN BINTANG,SAIDAH,AZHAR AMRI
516,asahan,PARTAI BULAN BINTANG,"AL HASYIR, SAB",ENCIK ADE SURYANI LUBIS
517,asahan,PARTAI BULAN BINTANG,WIWIK SUGENG,MARNISA
518,asahan,PARTAI BULAN BINTANG,ZINNIRA,NAZARUDDIN NST SP
519,asahan,PARTAI BULAN BINTANG,"H. DAMRI TAMBUNAN, SHI, S.Pd.I","NINING SRI WAHYUNI, S.Pd.I"
520,asahan,PARTAI DEMOKRASI INDONESIA PERJUANGAN,Drs. H.. JUMIRAN ABDI,Hj. SITI NIRWANA BARUS
521,asahan,PARTAI DEMOKRASI INDONESIA PERJUANGAN,"DR. H.. THAMRIN, M. Hum","Dra. ARMAIAVI JANNAH, NST"
522,asahan,PARTAI DEMOKRASI INDONESIA PERJUANGAN,ARIE ZOKHI NAMAMURA RANGKUTI,"ILNA MAULIDA, S.Psi"
523,asahan,PARTAI DEMOKRASI INDONESIA PERJUANGAN,Ir.. PIRDOT,MARIA ELVI JOJOR BR SINAGA
524,asahan,PARTAI DEMOKRAT,ABDUL HALIM,DEBI HERIANA NASUTION
525,asahan,PARTAI DEMOKRAT,"ZULKIFLI, S.PD.I","FATMAH SYARAH, S.PD.I, , M.PD"
526,asahan,PARTAI DEMOKRAT,"Drs.H.. DARWIS, MSi",SITI FATIMAH
527,asahan,PARTAI DEMOKRAT,"QAHFI ROMULA SIREGAR, MM","JUMEIDA BR SIMATUPANG, SE"
528,asahan,PARTAI GERAKAN INDONESIA RAYA,"SRI KUMALA, SE.MM",SUPRIADINATA
529,asahan,PARTAI GERAKAN INDONESIA RAYA,"IR. KHAIRUL SALEH, MT",Roslina Br. Rangkuti
530,asahan,PARTAI GERAKAN INDONESIA RAYA,"ZULFAN, ST",Angelina
531,asahan,PARTAI GERAKAN INDONESIA RAYA,"PAGAR JENSWIN PANDIANGAN, S.Ked",dr.Nurlela Mega Simanjuntak
532,asahan,PARTAI GERAKAN INDONESIA RAYA,FAIZAL,Arini Adha
533,asahan,PARTAI GERAKAN INDONESIA RAYA,"AFRIZA AFNI, IM",M.Asri Sa ban
534,asahan,PARTAI GERAKAN INDONESIA RAYA,BENNY HIDAYAT,LIA ARIANI SINAGA
536,asahan,PARTAI GERAKAN INDONESIA RAYA,ZUL BAHARI AMRA SH,"Nani Kurniati,S.Si"
537,asahan,PARTAI GOLONGAN KARYA,"SYAMSUL BAHRI BATUBARA, SH",HJ. ROSMAYANA TANJUNG (ALM)
538,asahan,PARTAI GOLONGAN KARYA,"DHODY THAHIR, SE",ADE FEBRINA
539,asahan,PARTAI GOLONGAN KARYA,"DIA RAMAYANA, S.Th.I., MM",RONI RAHMAD
540,asahan,PARTAI GOLONGAN KARYA,MAHYARUDDIN SALIM B,MAS HANDAYANI SIAHAAN
541,asahan,PARTAI GOLONGAN KARYA,ROMAY NOOR,FARIDA
542,asahan,PARTAI GOLONGAN KARYA,"Dra. HJ. FATIMA NASUTION, MA",Alm. ISHAK SULAIMAN LUBIS
543,asahan,PARTAI GOLONGAN KARYA,"H. SELAMAT, SE., M.Si","RAHMA DANIAH, SE"
544,asahan,PARTAI GOLONGAN KARYA,ABDUL GAFUR RITONGA,RICCA FEBRIANI HUTAHURUK
545,asahan,PARTAI GOLONGAN KARYA,"USMAN MARPAUNG, S.Pd",ZULIA HAZLI
546,asahan,PARTAI HATI NURANI RAKYAT,"WARISNO, SH",Siah
547,asahan,PARTAI HATI NURANI RAKYAT,"ABDUL MANAF, SH, MH",JULIANA
548,asahan,PARTAI HATI NURANI RAKYAT,"EBENEJER SITORUS, SE",Nelly Silaen
549,asahan,PARTAI HATI NURANI RAKYAT,MEMET S SIREGAR,Siti Chairunisa
550,asahan,PARTAI HATI NURANI RAKYAT,"DIANA SISTER, S.Pd",Irwansyah Siregar
553,asahan,PARTAI HATI NURANI RAKYAT,DARNIWATI,Rashari Syahrifin
554,asahan,PARTAI HATI NURANI RAKYAT,"ZULKIFLI AR, SH, M. Hum","Farida Hanum, SH"
555,asahan,PARTAI KEADILAN DAN PERSATUAN INDONESIA,ERRIS JULIETTA NAPITUPULU,MAROLOP PANGARIBUAN
556,asahan,PARTAI KEADILAN DAN PERSATUAN INDONESIA,AGUS IRVANSYAH,ARINA WIDIANA
557,asahan,PARTAI KEADILAN DAN PERSATUAN INDONESIA,JONARI HENDRA SIHOMBING,TIORIDA SIMATUPANG
559,asahan,PARTAI KEADILAN DAN PERSATUAN INDONESIA,SUHENDRY,DEWI EVA SUSANTI
563,asahan,PARTAI KEADILAN DAN PERSATUAN INDONESIA,JEFRI ROI R. ARUAN,DEWI BR SIREGAR
565,asahan,PARTAI KEADILAN SEJAHTERA,"AHMAD HADIAN, S.Pd.I.",HENI JELITA PANJAITAN
566,asahan,PARTAI KEADILAN SEJAHTERA,"YUSWIN ISKANDAR YUSLAN, S.E.","ARITHA BR PANDIA, S.Si,. Apt."
567,asahan,PARTAI KEADILAN SEJAHTERA,"IKA MEISITA, S.Pd.","AHMAD NUR RAMADHANSYAH, S.Pd."
568,asahan,PARTAI KEADILAN SEJAHTERA,"H. AHMAD KOSIM MARPAUNG, S.Ag., M.Si.","EKA HARYATI, S.Ag."
569,asahan,PARTAI KEBANGKITAN BANGSA,"ABDUL JABBAR, SE., M.Si.",NURLELA SIREGAR
570,asahan,PARTAI KEBANGKITAN BANGSA,"RUKAYAH NOPRILAN SIAGIAN, S.Pd.",SUHENDRI
571,asahan,PARTAI NASDEM,Dra. AINUL FUAD,dr. M. Arief Lubis
572,asahan,PARTAI PERSATUAN PEMBANGUNAN,"ZAHARUDDIN, SE",Rusminar
573,asahan,PERSATUAN INDONESIA,RAJUDDIN SINAGA,Hj. Ratna Wati
574,asahan,PERSATUAN INDONESIA,FIRMA PANE,Ani Farida
576,asahan,PERSATUAN INDONESIA,BUSTAMAN MANGATAS SAMOSIR,MELINDA
577,asahan,PERSATUAN INDONESIA,"Drs. TOMMET SIMBOLON, M.Si","Elsa Br Hutagaol S.Pd., M.M"
578,asahan,PERSATUAN INDONESIA,"IRMA ARIFIN, S.I.Kom",PASIFIC
579,asahan,PERSATUAN INDONESIA,"Drs. ROMULUS TINDAON, SH",HOTMA IDAULI SITORUS
580,asahan,PERSATUAN INDONESIA,"ZAMIAH, Amk","RAHMAT AL HUDAWI, S.Pd"
581,asahan,PERSATUAN INDONESIA,"TAUFIK ABDI HIDAYAT, S.Sos",IRA VANNY
582,asahan,PERSATUAN INDONESIA,"Ir. ARIEF FANSYURI NASUTION, M.Si",Linda Yana Lubis
583,asahan,PARTAI AMANAT NASIONAL,"Hj. MAYSARAH, S.Sos., MM",Alm. H. EFFENDI A.R
585,asahan,PARTAI AMANAT NASIONAL,HAPOSAN HARIANTO TOBING,HERPUNA TIAJATI
586,asahan,PARTAI AMANAT NASIONAL,"ERLINA, DRA",ZULHANIFI
587,asahan,PARTAI AMANAT NASIONAL,CHAIRUL PURBA,NURAIDA HASIBUAN
589,asahan,PARTAI AMANAT NASIONAL,BUDI IRAWAN,RETNO INDRIASARI
590,asahan,PARTAI AMANAT NASIONAL,DEDDY RAHMAN,NISSA NOVRISKA YUDHA
592,asahan,PARTAI BERKARYA,"EKA HADI SUCIPTO, SE.",ALDANALIA DELVI
593,asahan,PARTAI BERKARYA,"AHMAD BAY LUBIS, S.H., M.H.","ELVINASARI NASUTION, SE"
595,asahan,PARTAI BERKARYA,"WINTER EDUWARD SITUMORANG, SH",EPPI NIARTI PANGGABEAN
596,asahan,PARTAI BERKARYA,JASMINE RAVASIA,FAIZAL KAMIL
597,asahan,PARTAI BERKARYA,Ir. NEFONTA SEMBIRING,DEWI ANGGRAENI
598,asahan,PARTAI BULAN BINTANG,H. AZWIR,NIHAYA HANUM
599,asahan,PARTAI BULAN BINTANG,"HAKIM HATTA, A.Md",ALLENIDEKANIA
600,asahan,PARTAI BULAN BINTANG,FITRIANI,ABDURRAHMAN
601,asahan,PARTAI BULAN BINTANG,Drs. RABU ALAM SYAHPUTRA,FITRIANI
602,asahan,PARTAI DEMOKRASI INDONESIA PERJUANGAN,"Drs. DJAROT SAIFUL HIDAYAT, M.S.",HAPPY FARIDA
603,asahan,PARTAI DEMOKRASI INDONESIA PERJUANGAN,"Dr. JUNIMART GIRSANG, S.H, MBA.,M.H.",RISAN ULI SIDABUTAR
606,asahan,PARTAI DEMOKRASI INDONESIA PERJUANGAN,"BRIGJEN TNI (PURN) TARIDA H. SINAMBELA, S.IP",LAMRIA BR. PASARIBU
607,asahan,PARTAI DEMOKRASI INDONESIA PERJUANGAN,"HJ. ALIA MAISARAH, S.IP., M.Si.",IDIAL FITRA HANIF
608,asahan,PARTAI DEMOKRASI INDONESIA PERJUANGAN,"WESLY SILALAHI, S.H.,M.Kn",LISWATI
609,asahan,PARTAI DEMOKRASI INDONESIA PERJUANGAN,HAJI EDDI RANGKUTI,UMMI KALSUM SIREGAR
610,asahan,PARTAI DEMOKRASI INDONESIA PERJUANGAN,"WIWI YUNIARTI, S.E.",IRZAN SATI
611,asahan,PARTAI DEMOKRASI INDONESIA PERJUANGAN,"JENRI SINAGA, S.E, M.M.","Dr.Purnama T Sianturi, SH, Mhum"
612,asahan,PARTAI GERAKAN INDONESIA RAYA,MARTIN H HUTABARAT,JULI SUHAERANI POERBA
613,asahan,PARTAI GERAKAN INDONESIA RAYA,"Prof. DR, Ir. DJOHAR ARIFIN HUSIN",HJ. MARINA BINTI HAJI ABDUL MAJID HUTABARAT
614,asahan,PARTAI GERAKAN INDONESIA RAYA,"NORA MALAU, S.Th, M.Th",BAPAK
616,asahan,PARTAI GERAKAN INDONESIA RAYA,THOMAS JOVERSON GINTING,LENNY MARLINA BR SEMBIRING
617,asahan,PARTAI GERAKAN INDONESIA RAYA,"SUGIAT SANTOSO, SE., M.SP",RINI NI ILMA ST
618,asahan,PARTAI GERAKAN INDONESIA RAYA,"SRI KUMALA DEVI, Am. Keb.",AYAH
619,asahan,PARTAI GERAKAN INDONESIA RAYA,"JONNY BUYUNG SARAGI, S.H., M.H.",FEMMY MERRY HELENA SIMANUNGKALIT
620,asahan,PARTAI GERAKAN INDONESIA RAYA,Ir. ANDI AKMAL AMNUR,DRA.AGUSTINA
621,asahan,PARTAI GERAKAN INDONESIA RAYA,"Drs. GATTA CHAIRUDDIN, SH",R.INNE INDRIANY NATANEGARA
622,asahan,PARTAI GOLONGAN KARYA,H. AHMAD DOLI KURNIA TANDJUNG,Yanti Sunanti
623,asahan,PARTAI GOLONGAN KARYA,Dr. CAPT ANTHON SIHOMBING,Nertyna Tamana Simbolon
624,asahan,PARTAI GOLONGAN KARYA,"IRAMA ANGKAT, S.Sos.I., M.Si",THOMAS ANTHONY FLITCROFT
626,asahan,PARTAI GOLONGAN KARYA,Ir. ALIWONGSO HALOMOAN SINAGA,ALM. DAISY DORTHIA TAMBUNAN
627,asahan,PARTAI GOLONGAN KARYA,"DELIA PRATIWI BR. SITEPU, S.H.","REZA DOFIT LESTARI, SE, M.AP"
628,asahan,PARTAI GOLONGAN KARYA,"ADHERIE ZULFIKRI, S.H.","EKA APRIANTY, SH"
630,asahan,PARTAI GOLONGAN KARYA,Ir. TENGKU M. NURHAFIDZ,YULIANA FITRIA SARI
631,asahan,PARTAI GOLONGAN KARYA,"ANGGIAT BARIS MANGISI MANALU, S.Pd., S.H","ERIKA AMBARITA, S.Pd, MM"
632,asahan,PARTAI KEADILAN SEJAHTERA,H. ANSORY SIREGAR,ANITA ZAHARAH HARAHAP
633,asahan,PARTAI KEADILAN SEJAHTERA,"DR. USMAN JAKFAR, LC., MA",DR. PPINTA PUDIYANTI SIREGAR MSC
634,asahan,PARTAI KEADILAN SEJAHTERA,"SYAHFITRI HANI HARAHAP, SH",Pery A
635,asahan,PARTAI KEADILAN SEJAHTERA,SRI FRA PANTI,"SURIANDA LUBIS, S.AG."
636,asahan,PARTAI KEADILAN SEJAHTERA,"H. SANUSI GHAZALI PANE, SE., M.Si","ANITA HILDA, S.Si, Apt"
637,asahan,PARTAI KEADILAN SEJAHTERA,SITI JULAEHA,Sutanto
639,asahan,PARTAI KEBANGKITAN BANGSA,RAZMAN ARIF,Ade Suryani
640,asahan,PARTAI KEBANGKITAN BANGSA,"IMRAN MUCHTAR, BSC, SH",NAZARIAH
641,asahan,PARTAI KEBANGKITAN BANGSA,DAMAI YONA NAINGGOLAN,Nasip Parulian Simamora
642,asahan,PARTAI KEBANGKITAN BANGSA,"H. SURATMAN, SP","HJ.FARIDAH, Spd"
643,asahan,PARTAI KEBANGKITAN BANGSA,"PARDAMEAN SIREGAR, S.P., M.A.P.",Delima Engliwati Napitupulu
644,asahan,PARTAI KEBANGKITAN BANGSA,"SEVEN SIMANJUNTAK, S.Kep., Ners.",Jr. Sahat Pardede
645,asahan,PARTAI KEBANGKITAN BANGSA,A. JABIDI RITONGA,Lili Safitri
647,asahan,PARTAI KEBANGKITAN BANGSA,OK ZULKIFLIE,SYAFA ATI
648,asahan,PARTAI NASDEM,"Dr. NURHAJIZAH M, SH, MH",TUNAS DWI DHARTO
649,asahan,PARTAI NASDEM,"JORDIMAN PURBA, SE","Sawitri Marbun,SE"
650,asahan,PARTAI NASDEM,"TUMPU CAPAH, IR, M.Si.",Suryani Angkat
651,asahan,PARTAI PERSATUAN PEMBANGUNAN,MAYLANINGSIH SUNDARI,Edwin Widiyanto
652,asahan,PARTAI PERSATUAN PEMBANGUNAN,H. MUZAKHIR RIDA,Liza Novira
653,asahan,PARTAI PERSATUAN PEMBANGUNAN,"HERI INDRA UTAMA, SH",Fatmah Yulianita
654,asahan,PARTAI PERSATUAN PEMBANGUNAN,EFRIDA RANA FRISTIANTI,Agus Mrsyah
655,asahan,PARTAI PERSATUAN PEMBANGUNAN,INDRA SURYANTO IR,Sriwahyuni ST
656,asahan,PARTAI PERSATUAN PEMBANGUNAN,H. USMAN EFFENDI SITORUS S.AG,"Isna Imelda Lubis, S.HI"
659,asahan,PARTAI SOLIDARITAS INDONESIA,SALOMO LUMBAN TOBING,Imelda Yohana Rosalina Pangaribuan
660,asahan,PARTAI SOLIDARITAS INDONESIA,"MIKHAEL MESTRO M.S, SST. Par., MM",IRA NOOR FITRIA KUSUMA W
663,asahan,PARTAI SOLIDARITAS INDONESIA,"IR. HASUDUNGAN LIMBONG, MT",Maria Evita Eva
665,asahan,PARTAI SOLIDARITAS INDONESIA,"MERRYANY GIRSANG, M.Sc",DRH. GENDRO WH
666,asahan,PERSATUAN INDONESIA,Ir. ARYA MAHENDRA SINULINGGA,INDIRA RAWIYAAKHIRTY
668,asahan,PERSATUAN INDONESIA,"THERESA INAWATY SP, S.H","AKP. JEIFSON SITORUS, S.H., S.I.K."
669,asahan,PERSATUAN INDONESIA,Dr.. SORTAMAN SARAGIH,Drg. Risma Sitorus
670,asahan,PERSATUAN INDONESIA,"Dr. BRIGJEN TNI (PURN). AHWAN ISMADI, S.Pd., S.H., M.H.",Khadijah Malbar
671,asahan,PERSATUAN INDONESIA,ALFATI NOVA,GRAHA ANGGAR PRABAWA
672,asahan,PERSATUAN INDONESIA,"NATALIA CHRISTANTO, ST",ARDI PUTRA UTAMA
674,asahan,PERSATUAN INDONESIA,"MUJIYANTA, SH",RUNCI DEWI SARI
676,bandung-barat,PARTAI AMANAT NASIONAL,H. ERNAWAN NATASAPUTRA,HJ ERNI RUSYANI
680,bandung-barat,PARTAI BERKARYA,IKA KARTIKA,BUDI AWALUDIN
681,bandung-barat,PARTAI BERKARYA,DANIEL TOGAR MARINGAN SINAGA,"HOTMA RUMAHORBO, D.R"
683,bandung-barat,PARTAI BULAN BINTANG,DENI RIYADI,DEPI NURHAYATI
686,bandung-barat,PARTAI GERAKAN PERUBAHAN INDONESIA,"HETI RUSTIASIH, SE",Agus Suhendra
688,bandung-barat,PARTAI KEADILAN SEJAHTERA,"AEP NURDIN, S.Ag., M.Si.",Neng Azizah
689,bandung-barat,PARTAI KEADILAN SEJAHTERA,"Dra.. HJ. IRA DALILAH, M.AP.",Aden Rusmana
690,bandung-barat,PARTAI KEBANGKITAN BANGSA,NENG RENI SUGANDI,MUHDI PRIBADI
691,bandung-barat,PARTAI KEBANGKITAN BANGSA,H. JAMIL IHSAN FARUK,NURLAELA
692,bandung-barat,PARTAI KEBANGKITAN BANGSA,NENG NURJANAH,ENDANG PATONI
693,bandung-barat,PERSATUAN INDONESIA,Dra.. EUIS ATIKAH,"Drs. R. H. HIDAYAT SASTRAWINATA, M.M."
694,bandung-barat,PERSATUAN INDONESIA,"USMAN SILITONGA, S.H.","NURHAYATI SAMPERURA, S.H."
695,bandung-barat,PERSATUAN INDONESIA,WIDYA LATIF TRENGGONO,SITI HIDAYAH
696,bandung-barat,PERSATUAN INDONESIA,FITRI YULIANA,HELDI CHANDRA
697,bandung-barat,PARTAI AMANAT NASIONAL,"AHMAD NAJIB QODRATULLAH, SE",YUYUN YUNINGSIH
698,bandung-barat,PARTAI AMANAT NASIONAL,"Ir. SISWANDA H SUMARTO, MPM","Ir. Hetfah Sjaifudian, MPP, PhD"
700,bandung-barat,PARTAI AMANAT NASIONAL,"Drs. H. DUDIN SA?DUDIN, M.Si",Eni Ruchyani
701,bandung-barat,PARTAI AMANAT NASIONAL,Mayjen TNI (Purn). H. RACHMAT BUDIYANTO,INDAH RATNA WIDAYATI
702,bandung-barat,PARTAI AMANAT NASIONAL,PUSPA DWI PUTRI,Fajar Gumilar
703,bandung-barat,PARTAI AMANAT NASIONAL,DEWI SUSANTI,U. SUKMARA
704,bandung-barat,PARTAI AMANAT NASIONAL,ELEN LENI RUBIANTI,AGUS SALIK
705,bandung-barat,PARTAI AMANAT NASIONAL,YOGI YOGASWARA,CHRISTIANA UTARITASI YULIANI
706,bandung-barat,PARTAI BERKARYA,"Drs. H. MARWAN EFFENDI, SH., M.Si.",HJ. ELIS TETI ELAWATI
707,bandung-barat,PARTAI BERKARYA,"Ir. H. ROESTANTO W D, M.M.",Tresa Pratiwi Roestanto
708,bandung-barat,PARTAI BERKARYA,RACHMA SUTANTY,---
709,bandung-barat,PARTAI BERKARYA,DENNY SHARIEFFUDIN,HJ. DIAN SUSANTI SOESILO
710,bandung-barat,PARTAI BERKARYA,"Dra. ALIDA HANDAU LAMPE G., M.Si.",Ir. Hans guyer
711,bandung-barat,PARTAI BERKARYA,HILMAN BUDI BADARUSUHADA,HANDAYANI
712,bandung-barat,PARTAI BERKARYA,"IWAN RIDWAN, SH",Dwi Ferryana
713,bandung-barat,PARTAI BERKARYA,Drs. MUCHTAR SOLI,0
714,bandung-barat,PARTAI BERKARYA,FITRIAH LINDAWATI,Pratoo Bernianto
715,bandung-barat,PARTAI BULAN BINTANG,"DR.. H. MS. KABAN, SE.,MSI.",NURMALA DEWI
716,bandung-barat,PARTAI BULAN BINTANG,"ZULKIFLI, S.Si, M.Si",RIDAR ASTUTI
717,bandung-barat,PARTAI BULAN BINTANG,"IMAS KARYAMAH, M.Pd",ARIF KURIAWAN
719,bandung-barat,PARTAI BULAN BINTANG,"AYUB LAKSONO, S.T",YASMIN
720,bandung-barat,PARTAI BULAN BINTANG,"YASMIN, ST., MM",AYUB LAKSONO
721,bandung-barat,PARTAI BULAN BINTANG,"Drs. ERI RIDWAN LATIF, M.Ag",YULIA WIDIASARI RAHMAH
723,bandung-barat,PARTAI BULAN BINTANG,"Hj. SRI WAHYUNI, S.Sn., MM",Drs. MUNTASIR UMAR
724,bandung-barat,PARTAI DEMOKRASI INDONESIA PERJUANGAN,"Dr. R. ADJENG RATNA SUMINAR, S.H.,M.M.","MAYJEN (PURN) TNI H. Dr. Ir. SUHARNO ,MM"
725,bandung-barat,PARTAI DEMOKRASI INDONESIA PERJUANGAN,H. YAYAT T. SOEMITRA,Ir. DWINA CANDRAASIH S.MSC
727,bandung-barat,PARTAI GERAKAN INDONESIA RAYA,RACHEL MARYAM SAYIDINA,MUHAMMAD AKBAR PERDANA
728,bandung-barat,PARTAI GERAKAN INDONESIA RAYA,"IIS EDHY PRABOWO, S.Hum., MM","EDHY PRABOWO, MM.,MBA"
729,bandung-barat,PARTAI GERAKAN INDONESIA RAYA,DEDY ABDULLAH,RATNA KAMILA
730,bandung-barat,PARTAI GERAKAN INDONESIA RAYA,ASEP SUTISNA,ELA ROHAENI
731,bandung-barat,PARTAI GERAKAN INDONESIA RAYA,DUDDY R DEWAYANA,IYAT YULIATI
733,bandung-barat,PARTAI GERAKAN INDONESIA RAYA,INDRA WAHYUDI,R. SONYA LYLIE AH
735,bandung-barat,PARTAI GERAKAN INDONESIA RAYA,MUHAMAD KADAFI,CINTA AMELIA KADAFI
736,bandung-barat,PARTAI GERAKAN INDONESIA RAYA,"Ir. IWA GARTIWA, MM",ISYANUARI PRIHASTRIANTI
737,bandung-barat,PARTAI GOLONGAN KARYA,"Dr. TB. H. ACE HASAN SYADZILY, M.Si.","RITA FITRIA, S.Ag, M.Pd"
738,bandung-barat,PARTAI GOLONGAN KARYA,"Dr. M. SABIL RACHMAN, M.Si",Andi Rukmini
740,bandung-barat,PARTAI GOLONGAN KARYA,"Ir. H. LILI ASDJUDIREDJA, S.E.","HJ. ITJE SITI DEWI KURAESIN, S.SOS, M.M"
741,bandung-barat,PARTAI GOLONGAN KARYA,"Ir. H. ANANG SUSANTO, M.Si",Hj. Yanneu Diah Purnama
743,bandung-barat,PARTAI GOLONGAN KARYA,"H. AGUS MAKMUR SANTOSO, S.Kom., M.M",NELLY YUNIARTI
744,bandung-barat,PARTAI GOLONGAN KARYA,"FAZWAN KUSUMADINATA, S.E",Karina Indriasti Nugraha
745,bandung-barat,PARTAI GOLONGAN KARYA,NUNKI JUNIARTI,AGUNG SWASONOYUDHO
746,bandung-barat,PARTAI GOLONGAN KARYA,"Ir. H. DODDY IMRON CHOLID, M.S",Siti Nurlela
747,bandung-barat,PARTAI KEADILAN SEJAHTERA,"dr. H. ADANG SUDRAJAT, MM",Evelina Dewi Hapsari
748,bandung-barat,PARTAI KEADILAN SEJAHTERA,"Dipl. Ing. HJ. DIAH NURWITASARI, M.I.Pol.","Ir. H. Abdul Hadi Wijaya, M.Sc."
749,bandung-barat,PARTAI KEADILAN SEJAHTERA,"Drs. H. DIDIK AGUS T, M.Pd","HJ. CHAIRINI, SSi"
750,bandung-barat,PARTAI KEADILAN SEJAHTERA,YANYAN HAERANI,ARIPIN
751,bandung-barat,PARTAI KEADILAN SEJAHTERA,H. DADANG SUMPENA,TINI SUMARTINI
752,bandung-barat,PARTAI KEADILAN SEJAHTERA,"HJ. ROSYE DEWI RUSANTI, S.Pd",NAUZIE NOVRYADIN
753,bandung-barat,PARTAI KEBANGKITAN BANGSA,"HJ. ENUNG DARIAH R, M.PD.I",H. AHMAD HIDAYAT (ALM)
754,bandung-barat,PARTAI KEBANGKITAN BANGSA,DRS. ADE RATMADJA,RINA BINAWATI
755,bandung-barat,PARTAI KEBANGKITAN BANGSA,ENJANG HUDORI,NONYH CAHYANI
757,bandung-barat,PARTAI KEBANGKITAN BANGSA,DRS. H. DEDEN HAMDAN M,"NUR JAMILAH, S.E"
758,bandung-barat,PARTAI KEBANGKITAN BANGSA,ITA JULAEHA,AHMAD SOLIHAT
760,bandung-barat,PARTAI NASDEM,"HJ. ENUNG NURYANTI, SPD, M.M.PD","H. MEMET MOCHAMAD SARIEP, SP"
762,bandung-barat,PARTAI NASDEM,"H. DADANG RUSDIANA, S.E., M.Si",HJ. NONENG KARNENGSIH
763,bandung-barat,PARTAI NASDEM,"DR. BAMBANG USADI, MM","dr. ANIE DARYULINA , Spkk"
764,bandung-barat,PARTAI NASDEM,"DR.HJ. EUIS KARWATI, MPD",H.M.Ekik Barkah
765,bandung-barat,PARTAI NASDEM,H. ADE RODIANA,Hj. Rani Chintiani D.K.
766,bandung-barat,PARTAI NASDEM,PRIYANTO RAHARJO,Kurnaesih Anita
767,bandung-barat,PARTAI PERSATUAN PEMBANGUNAN,"ARIZA AGUSTINA, SE, MSi",Wahyu Nugroho
768,bandung-barat,PARTAI PERSATUAN PEMBANGUNAN,"H. ALI MUBARAK, A.MD PAR., S.E.",Aisha Abdullah
769,bandung-barat,PARTAI PERSATUAN PEMBANGUNAN,"H. ASEP BADRUZZAMAN, A.KS.",UMI SUMINAR
770,bandung-barat,PARTAI PERSATUAN PEMBANGUNAN,"AHMAD KHOLISUN, S.Pd.I",candra
772,bandung-barat,PARTAI PERSATUAN PEMBANGUNAN,TAMRIN YADI,Intan Rospandan Sari
774,bandung-barat,PARTAI PERSATUAN PEMBANGUNAN,ACH. SAIFUL ULUM,LAYYA
775,bandung-barat,PARTAI SOLIDARITAS INDONESIA,"FREDI DARMAWAN, SE",Ami Laksmi Kusnadi
776,bandung-barat,PARTAI SOLIDARITAS INDONESIA,"MILLY RATUDIAN PURBASARI, ST",MUJAHID SHAFIQ MAHMUD AHMAD PONTOH
777,bandung-barat,PARTAI SOLIDARITAS INDONESIA,"DONNY ROMMY, SS",ELI MEILANI
778,bandung-barat,PARTAI SOLIDARITAS INDONESIA,MICHAEL ADIWINATA BUDIARTO,Niu Shi Yun
779,bandung-barat,PARTAI SOLIDARITAS INDONESIA,"JENI WIDIANINGRUM, A.Md",DONY HERMANSYAH
781,bandung-barat,PARTAI SOLIDARITAS INDONESIA,"DENNY PURNAMA ADI CHANDRA, S.E",NURLENA
783,bandung-barat,PARTAI SOLIDARITAS INDONESIA,"FITRO DHARMA HERMAWAN, S.DS",HAPPY MIA KARINA
785,bandung-barat,PERSATUAN INDONESIA,H. ABD. KHALIQ AHMAD,HJ. ETTY DALWIARTI
786,bandung-barat,PERSATUAN INDONESIA,"RESITA KANIYA, BSBA,MBA",MIRZA TASHDIEQY TABRANI
787,bandung-barat,PERSATUAN INDONESIA,"Drs. ADE HUSEN KARTADIPURA, SH",SRI WAHYUNI .SH
788,bandung-barat,PERSATUAN INDONESIA,"Dr. ADJAT DARADJAT, M.Si","HJ. KETTY SUKAESIH, SE"
789,bandung-barat,PERSATUAN INDONESIA,"AYA SOPHIA, SE",HERI SUSANTO
790,bandung-barat,PERSATUAN INDONESIA,"DONI BALNADI KOERDI, S.Sos.,M.Si",Dra. DIANA ZULKANIADEWI
791,bandung-barat,PERSATUAN INDONESIA,"NUSLIH JAMIAT, SE.,MM",R. INA DAMAYANTI S.Sos
792,bandung-barat,PERSATUAN INDONESIA,HJ. RINA YULIA MARTINA,EDI JUNAEDI
793,bandung-barat,PERSATUAN INDONESIA,"Drs. BERTHY BARNABAS RAHAWARIN, S.H",DIANA DHARMAPUTRI
794,bekasi,PARTAI AMANAT NASIONAL,"Ir. ATANG, MP",Ir SRI MARATUN
797,bekasi,PARTAI AMANAT NASIONAL,MARYONO,"SUMARNI, S.Pd."
798,bekasi,PARTAI AMANAT NASIONAL,"ERY MAHDI, SE",BURHANI MARIDIS
799,bekasi,PARTAI AMANAT NASIONAL,"AKMALIA YUSUF, S.Pd.I",H. RISWANDI AKHIRUDDIN
800,bekasi,PARTAI AMANAT NASIONAL,DEVI PUSPANING RAHAYU,RAYKI NATO PUTRA
801,bekasi,PARTAI BERKARYA,JAYADI,YANI SURYANI
802,bekasi,PARTAI BERKARYA,"ABDILLAH, S.H","NINA WIDIASTUTI,SE"
803,bekasi,PARTAI BERKARYA,"RISTIN ISTIANTI, S.E",O
804,bekasi,PARTAI BERKARYA,DIDIT HERDINI,LUKI
805,bekasi,PARTAI BERKARYA,HAN HAN SUBHANUDIN,VIVI YANTRI
806,bekasi,PARTAI BERKARYA,IR. DIDIET ARRY SUPARNO,LIANI RAHAYU
808,bekasi,PARTAI BULAN BINTANG,YANI SURYANI FIKRIAH,MULYANA HIDAYAT
811,bekasi,PARTAI KEADILAN DAN PERSATUAN INDONESIA,"DODI SUGIANTO, SH.,M.H.",IMAS NUR KOMARASSARI
812,bekasi,PARTAI KEADILAN SEJAHTERA,"DR.. ABDUL JABAR MAJID, M.A","Wardah Noer, Lc"
813,bekasi,PARTAI KEADILAN SEJAHTERA,"H. FAIZAL HAFAN FARID, SE, M.Si",Lusiana Rachmawati
814,bekasi,PARTAI KEADILAN SEJAHTERA,"HJ. DEWI FITRI LESTARI, SS",Akhmad Hisyam
815,bekasi,PARTAI KEADILAN SEJAHTERA,"CHAERUNNISSA, SP., M.Ak",Noval Tajudin
816,bekasi,PARTAI KEADILAN SEJAHTERA,"H. ZAINUDHIN, SE, M.Si","HJ HANA NURLIANA, SE, MM"
817,bekasi,PARTAI KEADILAN SEJAHTERA,dr. ADROHASLIN,"HALIM, M.Si"
818,bekasi,PARTAI KEBANGKITAN BANGSA,"ABDUL KHOLIK, SE",SITI ROMLAH
819,bekasi,PARTAI KEBANGKITAN BANGSA,EDI JUNAEDI,TITA ROSITA
821,bekasi,PARTAI KEBANGKITAN BANGSA,AGUS ARIF,CICIH WIDIA NINGSIH
822,bekasi,PARTAI KEBANGKITAN BANGSA,HJ.YATI NURHAYATI,H.ASEP DARMA
823,bekasi,PARTAI KEBANGKITAN BANGSA,AGUS MIFTAH,HENI SULISTYOWATI
824,bekasi,PERSATUAN INDONESIA,AYUN SRI DAMAYANTI WAHYUNI,DENNY ADIN
825,bekasi,PERSATUAN INDONESIA,NAPIT NADIH NURCAHYADIH,IDA HAMIDA
826,bekasi,PERSATUAN INDONESIA,"SAMIN SAPUTRA, SE.,M.M","JAMAH NURYANAH S,Pdi"
827,bekasi,PERSATUAN INDONESIA,UMAR BAHTIAR,IIS SAIMAH
828,bekasi,PERSATUAN INDONESIA,"SUSI AGUSTINA, S.Pd.I., M.Pd","IWAN SIGIT SUTESTYO, S.T"
829,bekasi,PERSATUAN INDONESIA,"DEWI MURTHASIAH, S.Hum",MARWADI
830,bekasi,PARTAI AMANAT NASIONAL,"DAENG MUHAMMAD, SE.,MSi",NURAINI
831,bekasi,PARTAI AMANAT NASIONAL,DR. HJ. MEILINA KARTIKA KADIR,ASEP JOKO RAHARJO
832,bekasi,PARTAI AMANAT NASIONAL,"dr. ASEP HIDAYAT LUKMAN, MM",HANNA NURLAELA
833,bekasi,PARTAI AMANAT NASIONAL,"Ir. CHAIRUL RAZAK, M.E",TRIWAHYUNI
834,bekasi,PARTAI AMANAT NASIONAL,"RAHMAT, SH.I",RIAKHA RENGGANISWARA
837,bekasi,PARTAI BERKARYA,"INDIRAYANI KOSTININGTYAS, SE",0
838,bekasi,PARTAI BERKARYA,"Dr. Ir. H. NASEP RACHMAT, MM., M.Si.",0
839,bekasi,PARTAI BERKARYA,Drs. BAMBANG ABIMANYU,Hj. Ut Tjatur Rahayu
840,bekasi,PARTAI BERKARYA,"SONYA RIZKY, SE",Ahmad Jaya Adiguna
841,bekasi,PARTAI BERKARYA,"ASEP AGUSTIAN, SH, MH",DITA CAHYA FITRIA
842,bekasi,PARTAI BERKARYA,H. ABU BAKAR,Alm. Hj. Rohaya
843,bekasi,PARTAI BERKARYA,"Dra. ASMAULHUSNA ADAM, M.Pd.",P. RAHARDJO (ALM)
844,bekasi,PARTAI BERKARYA,"HARTONO SINGGIH, S.IP, MM",R.A FATIMAH TJANDRANEGARA
845,bekasi,PARTAI BERKARYA,"BADRUL MUNIR, SE",0
846,bekasi,PARTAI BULAN BINTANG,"AZHAR AUNG, SH., S.Pi., M.Si",NURUL KHOLIFAH
847,bekasi,PARTAI BULAN BINTANG,Prof. DR. SANUSI UWES,AD SUPRIYATI
849,bekasi,PARTAI BULAN BINTANG,Drs. H. M. SALEH MANAF,CUT ROSMA
850,bekasi,PARTAI BULAN BINTANG,Ir. ABD KADIR ASSEGAF,S. AISYAH ALAYDRUS
851,bekasi,PARTAI BULAN BINTANG,"RIANA MELADEWI, SH.,MKn",J
852,bekasi,PARTAI BULAN BINTANG,MUHAMMAD RIDWAN,SITI JULAEHA
853,bekasi,PARTAI BULAN BINTANG,"YUSMAN DAWOLO, S.Kom.I",YULIANINGSIH
854,bekasi,PARTAI BULAN BINTANG,TINA MELINDA,SATRIA AKBAR
855,bekasi,PARTAI DEMOKRASI INDONESIA PERJUANGAN,DEDEN DARMANSAH,SITI NURBAETI
856,bekasi,PARTAI GERAKAN INDONESIA RAYA,drg. PUTIH SARI,MUHAMAD ALIPUDIN
857,bekasi,PARTAI GERAKAN INDONESIA RAYA,"H. RUSTANDIE, SH",HJ.BETY SUSILAWATI
858,bekasi,PARTAI GERAKAN INDONESIA RAYA,Ir. ARIA SULHAN WITOELAR,RADIANTINI WITOELAR
859,bekasi,PARTAI GERAKAN INDONESIA RAYA,DERRY DRAJAT,IBU ALM. AFNENDA ASRIL
860,bekasi,PARTAI GERAKAN INDONESIA RAYA,ANY MARIANY TENGKER,ANDI MUH BUDIMAN FAISAL
861,bekasi,PARTAI GERAKAN INDONESIA RAYA,"H. DARIS, SH",Hj. NENIH
862,bekasi,PARTAI GERAKAN INDONESIA RAYA,"NACE PERMANA, SE.,M.IKom",NENENG YULIA ROSI
863,bekasi,PARTAI GERAKAN INDONESIA RAYA,"HJ. SUSILAWATI, SE",H. PULUNGAN
864,bekasi,PARTAI GERAKAN INDONESIA RAYA,"DR. SUDJUD SIRADJUDDIN, SH., MH",SYAWLIYANTI
865,bekasi,PARTAI GOLONGAN KARYA,"DEDI MULYADI, S.H",HJ. ANNE RATNA MUSTIKA
867,bekasi,PARTAI GOLONGAN KARYA,Drs. DADANG S MUCHTAR,HJ. NURSOFA
869,bekasi,PARTAI GOLONGAN KARYA,"Drs. JENRI M.P PANJAITAN, M.H",MARINA JULANITA SARAGIH
871,bekasi,PARTAI GOLONGAN KARYA,NURUL ATIQ TAJUDDIN,Hana Luthfiana
872,bekasi,PARTAI GOLONGAN KARYA,MOH. SUAIB,Fitri Sahwiarani
873,bekasi,PARTAI GOLONGAN KARYA,"MOHAMMAD AMIN FAUZI, S.H., M.Si",HJ. ANITA PERMATASARI
874,bekasi,PARTAI GOLONGAN KARYA,Drs. R. HADYMARTOMO,WAJ ALNA KHAIRAT TANJUNG
875,bekasi,PARTAI KEADILAN SEJAHTERA,AHMAD SYAIKHU,"LILIK WAKHIDAH, SE"
876,bekasi,PARTAI KEADILAN SEJAHTERA,"DR. H. SADUDDIN, MM.",CUCU SUGIARTI
877,bekasi,PARTAI KEADILAN SEJAHTERA,"RATNA MULYA MADURANI, S. H","Djoko Irwan Permadi, S.H."
878,bekasi,PARTAI KEADILAN SEJAHTERA,Drs. THOHA MAHSUN,Dra. N.E. Nurbayani
879,bekasi,PARTAI KEADILAN SEJAHTERA,ASEP IRAWAN,Wulan Puspasari
880,bekasi,PARTAI KEADILAN SEJAHTERA,"HJ. DWI SEPTIAWATI, S.Pd.",addy Kusrady
881,bekasi,PARTAI KEADILAN SEJAHTERA,"PIPIN SOPIAN, S.Sos., IMRI",SULIANA EKI LARA MAHYANTI
882,bekasi,PARTAI KEADILAN SEJAHTERA,TIA TRESNAWATI,Imam Hambali
883,bekasi,PARTAI KEADILAN SEJAHTERA,H. NANANG IMAM FIRDAUS,YENI OKTAVIA
884,bekasi,PARTAI KEBANGKITAN BANGSA,H. SYAIFUL HUDA,NIA KURNIANI
885,bekasi,PARTAI KEBANGKITAN BANGSA,ABDUL ROCHMAN,YUSI ISNADIYAH
886,bekasi,PARTAI KEBANGKITAN BANGSA,"Hj. EVI FATIMAH, S.AG.,M.AP",SUTANTO UTOMO
887,bekasi,PARTAI KEBANGKITAN BANGSA,"JON RAMADHAN, M.Si.",YUNINGSIH
888,bekasi,PARTAI KEBANGKITAN BANGSA,"H. NOOR JUMAN, S.AG","HJ. NANI YUNINGSIH, S.AG"
889,bekasi,PARTAI KEBANGKITAN BANGSA,"HJ. VERA SUSANTI, S.AG., M.PD","DR. H. MUHAMMAD FAESAL, MH., M.PD"
890,bekasi,PARTAI KEBANGKITAN BANGSA,"H. M. ATHOILLAH MURSJID, M.Si.","HJ SITI RODIAH, HJ NAFSIAH"
891,bekasi,PARTAI KEBANGKITAN BANGSA,"RIKA OKTARIANI, S.IKOM",AGUS SUFRIADI
892,bekasi,PARTAI KEBANGKITAN BANGSA,"SALMAN ASSAGAF, S.SOS",SUNARTI
893,bekasi,PARTAI KEBANGKITAN BANGSA,"AHMAD FAISAL, S.HI",ROSALIA RAHMA DEWI
894,bekasi,PARTAI NASDEM,DELLA PUSPITA,Jocky Fernando
895,bekasi,PARTAI NASDEM,DRG. FERRY THOMAS TATO LATANNA,ERNITA JULI SARAGIH
896,bekasi,PARTAI NASDEM,"DR. NIRU ANITA SINAGA, SH,MH",IR. TIBERIUS ZALUCHU
897,bekasi,PARTAI NASDEM,BARTO TANGDIBALI,El- Eka Kristiani Susilawati
898,bekasi,PARTAI PERSATUAN PEMBANGUNAN,Dra. WARDATUL ASRIAH,"Drs. H. Suryadharma Ali, M.Si"
899,bekasi,PARTAI PERSATUAN PEMBANGUNAN,HJ. SITI NURMILA,H. Nahari Muslih SH
900,bekasi,PARTAI PERSATUAN PEMBANGUNAN,SLAMET GUNAWAN,DEWI PERMATA HATI
901,bekasi,PARTAI PERSATUAN PEMBANGUNAN,"ZAKY MAHENDRA ZULKARNAEN, S.PD.",AMIRAH YASMINE
902,bekasi,PARTAI PERSATUAN PEMBANGUNAN,"DINUL HUSNAN, S.Pd.I","Reri Surya Ningsih, SE"
903,bekasi,PARTAI PERSATUAN PEMBANGUNAN,"NENENG LASMITA SUSANTI, SE., M.Ak",ANWAR MUSYADAD
906,bekasi,PARTAI PERSATUAN PEMBANGUNAN,RAHMAT HIDAYAT,Bayu Supriatin
907,bekasi,PARTAI PERSATUAN PEMBANGUNAN,"H. SHALIH MANGARA, SH. MH",Sri Wahyuni Setyowati
908,bekasi,PARTAI SOLIDARITAS INDONESIA,"HABIB. MUANNAS, SH",HERNA WATI
911,bekasi,PARTAI SOLIDARITAS INDONESIA,"GATOT IMAM NUGROHO, MBA",Titi Ratih Dianti
912,bekasi,PARTAI SOLIDARITAS INDONESIA,ALBERT MARTINUS,IRMA SARI WOIMBON
913,bekasi,PARTAI SOLIDARITAS INDONESIA,"NELLY MARIA SAMOSIR, M.Pd",LAMPOT PURBA
914,bekasi,PARTAI SOLIDARITAS INDONESIA,MAHAYONI,ARINA SARI
915,bekasi,PARTAI SOLIDARITAS INDONESIA,HERMAN,Dina Liliyana
916,bekasi,PARTAI SOLIDARITAS INDONESIA,"ONDO EBENEZER H P, S.Kom",MERRY CHRISTINE
917,bekasi,PERSATUAN INDONESIA,"CAROL DANIEL KADANG, SE, MM.",IR MONICA LEWA KADANG
918,bekasi,PERSATUAN INDONESIA,"DENNY ADIN, SE",AYUN SRI DAMAYANTI WAHYUNI
919,bekasi,PERSATUAN INDONESIA,"ANGEL LELGA, S.E",VICKY PRASETYO
920,bekasi,PERSATUAN INDONESIA,"H. EK BUDI SANTOSO, SE.,MM",ERMEIDA NELLI
921,bekasi,PERSATUAN INDONESIA,"ROHMAT, SH.,MH",IMAS MARIAH
923,bekasi,PERSATUAN INDONESIA,H. M. FERRARI NURRACHADIAN,EUIS NURMALASARI
924,bekasi,PERSATUAN INDONESIA,"SAHRONI SURYANA, SH",NAMAH
925,bener-meriah,PARTAI AMANAT NASIONAL,SYIRAJUDDIN,RINA AWALIYAH PANJAITAN
926,bener-meriah,PARTAI AMANAT NASIONAL,BUSTAMAM ARDY,MARYATI
927,bener-meriah,PARTAI AMANAT NASIONAL,WAHYUNI,JULIANTO ARGI
928,bener-meriah,PARTAI AMANAT NASIONAL,LAELA HAYATI,RAHMAD PADLI
929,bener-meriah,PARTAI AMANAT NASIONAL,FADLI ULFA,TA JIAH
930,bener-meriah,PARTAI AMANAT NASIONAL,SYAPARUDDIN,ZAELAWATI
931,bener-meriah,PARTAI BERKARYA,RUHAMAN SUHADA,NURAINI
932,bener-meriah,PARTAI BULAN BINTANG,IR.. DJUMHUR,Rizkani
933,bener-meriah,PARTAI BULAN BINTANG,IR.. M. ALI,"ASMAWATI, BA"
934,bener-meriah,PARTAI BULAN BINTANG,MUZAWIRAH,zulkifli idris
935,bener-meriah,PARTAI BULAN BINTANG,"MUHAMMAD DARUL, S.P","SUSPARIDAINI, S.Kep"
936,bener-meriah,PARTAI BULAN BINTANG,"ASFI NURTILAWAH, A.Md. Keb",RAHMADI
937,bener-meriah,PARTAI BULAN BINTANG,BANTASYAM,RASIDAH
938,bener-meriah,PARTAI DEMOKRAT,"IR.. ALAIDIN ABU ABBAS, MM.","HJ. NILAWATI, S.PD."
939,bener-meriah,PARTAI DEMOKRAT,NIRFAN JAYA,"ERNAWATI, S.PD."
940,bener-meriah,PARTAI DEMOKRAT,JURAIDAH,SAPARUDIN
941,bener-meriah,PARTAI DEMOKRAT,"FIRMAN YOGA, ST.",dr. EVI NABILA
942,bener-meriah,PARTAI DEMOKRAT,MUHAMMAD YASIN,SUSILAWATI
943,bener-meriah,PARTAI DEMOKRAT,"SUCI RAHMAWATI, S.Pd.",Sutri Handoko
944,bener-meriah,PARTAI GERAKAN INDONESIA RAYA,"Drs. H. TAUFIK, MM",RAFIQAH
945,bener-meriah,PARTAI GERAKAN INDONESIA RAYA,"BINAKIR, S.K.M",Hj. HALIMAH
946,bener-meriah,PARTAI GERAKAN INDONESIA RAYA,SRI WAHYULI,EDI KURNIAWAN
947,bener-meriah,PARTAI GERAKAN INDONESIA RAYA,"AMIRUDDIN, SE","MUSFIRAH, M.Pd"
948,bener-meriah,PARTAI GERAKAN INDONESIA RAYA,CHAIDIR,"ERNI SAFWAR, SP"
950,bener-meriah,PARTAI GOLONGAN KARYA,HENDRA BUDIAN,SORAYA H. M. ISA
951,bener-meriah,PARTAI GOLONGAN KARYA,DJULIATI,MUDARLIAN
953,bener-meriah,PARTAI GOLONGAN KARYA,INDRA GUNAWAN,CHADIJAH BACHRUM
954,bener-meriah,PARTAI GOLONGAN KARYA,SASMAYATI,Ir. M. Sarkati
955,bener-meriah,PARTAI GOLONGAN KARYA,"ARAMIKO ARITONANG, S.Sos",WULANDARI ASWIRAH S.Pd
956,bener-meriah,PARTAI KEBANGKITAN BANGSA,SALIHIN,SARINEM
957,bener-meriah,PARTAI KEBANGKITAN BANGSA,"ALAMSYAH MAHMUD GAYO, SH. MM",SARWIANA
958,bener-meriah,PARTAI KEBANGKITAN BANGSA,"ROSNAWITA, S.Sos",TEUKU NARENSYAH
959,bener-meriah,PARTAI KEBANGKITAN BANGSA,JUSRIADI,KASMAWATI
961,bener-meriah,PARTAI NASDEM,RAMADHANA LUBIS,Rahmayani
962,bener-meriah,PARTAI NASDEM,DESI ANI,Taufik Rusdi
963,bener-meriah,PARTAI NASDEM,"Drs, H.. T. ISLAH, M.Si",Rahmawati
964,bener-meriah,PARTAI NASDEM,"AMPERA G, ST, MT",Hanisa Fitri
966,bener-meriah,PARTAI SIRA,BUCHARI,NURSIDAH
967,bener-meriah,PARTAI SIRA,MUHAMMAD,SUARNI
968,bener-meriah,PARTAI SIRA,AFRILIZA AMALIA SIREGAR,SYUKURRULLAH
972,bener-meriah,PERSATUAN INDONESIA,MAIDA SARI,AZHARI
974,bener-meriah,PARTAI AMANAT NASIONAL,TEUKU HASBULLAH. HD,Dewi Diana Aji
975,bener-meriah,PARTAI AMANAT NASIONAL,"Dr. AHMAD FARHAN HAMID, MS","Ir. Ferry Soraya, MSIE"
976,bener-meriah,PARTAI AMANAT NASIONAL,"ERMIADI ABDUL RAHMAN, ST","NOVIANITA AR, SKM"
977,bener-meriah,PARTAI AMANAT NASIONAL,"ROSNAWATI, S.Pd.I",KHUWALID
978,bener-meriah,PARTAI AMANAT NASIONAL,"H. BASRUN YUSUF, SH",Damayanti
979,bener-meriah,PARTAI BERKARYA,Drs. TEUKU BUSTAMI UMAR,ERNAWATI. B
980,bener-meriah,PARTAI BERKARYA,"Drs. T.A. RAHMAN ALBA, MM","Cut Nurhayati,SE Ak"
982,bener-meriah,PARTAI BERKARYA,SUNDARI,T. MELDY SAHPUTRA
983,bener-meriah,PARTAI BULAN BINTANG,"AZHARI CAGE, S.IP",TARMIZI HAMZAH
985,bener-meriah,PARTAI BULAN BINTANG,"H. A. RIDWAN M DALLAH, SE",HJ. DR. FATIMAH ZURAIDA
986,bener-meriah,PARTAI BULAN BINTANG,"ISWADI, M.Pd",SITI AMINAH
987,bener-meriah,PARTAI BULAN BINTANG,"PIPIH SOPIAH, SE",ABDULLAH
988,bener-meriah,PARTAI DEMOKRASI INDONESIA PERJUANGAN,Ir. H. TAGORE ABU BAKAR,MEUTIA FAUZIAH
989,bener-meriah,PARTAI DEMOKRASI INDONESIA PERJUANGAN,"HJ. MARIA KARSIA, S.S.",A. TAVIP SYAH
990,bener-meriah,PARTAI DEMOKRASI INDONESIA PERJUANGAN,"GUNTARAYADI, S.P.",EMI SHINTA SITANGGANG
991,bener-meriah,PARTAI DEMOKRASI INDONESIA PERJUANGAN,HUSAINI MH,DARA ARUNI
992,bener-meriah,PARTAI DEMOKRASI INDONESIA PERJUANGAN,MUHAMMAD SUFI,Rizwana
993,bener-meriah,PARTAI DEMOKRASI INDONESIA PERJUANGAN,"LISNAWATI GINTING, S.H.,M.H.",RIDHO MARIUS BANGUN
994,bener-meriah,PARTAI GERAKAN INDONESIA RAYA,"Ir. H. T. A. KHALID, M.M",CUT AFNI ZAHARA
995,bener-meriah,PARTAI GERAKAN INDONESIA RAYA,CUT PUTEH,BAPAK
996,bener-meriah,PARTAI GERAKAN INDONESIA RAYA,"FERRY MUNANDAR, ST",IBU
997,bener-meriah,PARTAI GERAKAN INDONESIA RAYA,"Ir. H. NASARUDDIN, MM",Hj. APINI
998,bener-meriah,PARTAI GERAKAN INDONESIA RAYA,"SITI NURMASYITHAH, S.Sos",BAPAK
999,bener-meriah,PARTAI GOLONGAN KARYA,ILHAM PANGESTU,VENTY ANGRIANI
1000,bener-meriah,PARTAI GOLONGAN KARYA,DRS. H. MARZUKI DAUD,POCUT OLLY IDAMULINA
1002,bener-meriah,PARTAI GOLONGAN KARYA,"FIRMANDEZ, S.E., Ak.",ROSMULYATI
1003,bener-meriah,PARTAI GOLONGAN KARYA,"REDUK NILAWARNI, S.Pd",ZAMHARIR AR
1004,bener-meriah,PARTAI GOLONGAN KARYA,T. YUSNI,ROSMALINA
1005,bener-meriah,PARTAI KEADILAN SEJAHTERA,"H. MUHAMMAD NASIR DJAMIL, S. AG.,M. Si",KHASANAH
1006,bener-meriah,PARTAI KEADILAN SEJAHTERA,"TGK. H. MUHAMMAD NUR, M. Si",dr. Nur Asiah Fitria
1007,bener-meriah,PARTAI KEADILAN SEJAHTERA,BARMANSYAH,INDI LISTYOWATI
1008,bener-meriah,PARTAI KEADILAN SEJAHTERA,"M. YUSUF ISMAIL PASE, SH, MH",HJ. MEUTIA AHMAD S.Pd
1009,bener-meriah,PARTAI KEADILAN SEJAHTERA,"SARI DEWI, SE.Ak",M. Fauzi
1011,bener-meriah,PARTAI KEBANGKITAN BANGSA,"SAYUTI, SH.MH",YULINDA
1013,bener-meriah,PARTAI KEBANGKITAN BANGSA,RUSLAN M. DAUD,HJ. FARIDAH BINTI ADAM
1014,bener-meriah,PARTAI KEBANGKITAN BANGSA,RAHMI ABDI,Ngatimin
1015,bener-meriah,PARTAI KEBANGKITAN BANGSA,"FAISAL RIDHA, S.Ag., MM",Maitanur binti Mahyiddin
1016,bener-meriah,PARTAI NASDEM,ZULFAN LINDAN,Nurdjannah
1017,bener-meriah,PARTAI NASDEM,MUHARUDDIN,Syarifah Rahmah
1018,bener-meriah,PARTAI NASDEM,FATIMAH ZUHRA,Muhammad Syukri
1019,bener-meriah,PARTAI NASDEM,EFENDI,Asmaryati
1020,bener-meriah,PARTAI NASDEM,"DR. IBRAHIM HASYIM SE, MM",Joy Sarabia Ibrahim
1022,bener-meriah,PARTAI PERSATUAN PEMBANGUNAN,"H ANWAR IDRIS,DRS",Hj. Rohayanilawati
1023,bener-meriah,PARTAI PERSATUAN PEMBANGUNAN,AKMAL HANIF,Putri
1024,bener-meriah,PARTAI PERSATUAN PEMBANGUNAN,NURHANITA ZAHARA,"Sudianto, SH"
1025,bener-meriah,PARTAI PERSATUAN PEMBANGUNAN,Ir. SYUKUR KOBATH,Iwardatika
1026,bener-meriah,PARTAI PERSATUAN PEMBANGUNAN,"JAMALUDIN, SE",Arie Wardiana
1027,bener-meriah,PARTAI PERSATUAN PEMBANGUNAN,CUT FATNIAH,"Dedi Fariadi,M.Pd"
1028,bener-meriah,PARTAI SOLIDARITAS INDONESIA,"KAMARUDDIN, SH",RR ILMIA ASTUTI RAHAYU
1029,bener-meriah,PARTAI SOLIDARITAS INDONESIA,"RAMADLAN, ST, MT",ROSNAWATI AMD KES
1030,bener-meriah,PARTAI SOLIDARITAS INDONESIA,IKA LESTARI,NN
1032,bener-meriah,PARTAI SOLIDARITAS INDONESIA,ZAMZAMI,CUT SANTI NORAVITA
1035,bener-meriah,PERSATUAN INDONESIA,HERMAN KOSASIH,RATNA DEWI
1036,bener-meriah,PERSATUAN INDONESIA,"HERMAN BAHARI, S.H",SITI AISYAH
1037,bener-meriah,PERSATUAN INDONESIA,"RAZALI ZAINUDDIN, A.Md.","Idawati, S.Km"
1039,bener-meriah,PERSATUAN INDONESIA,SIWI ASRI MOPRIRATNA,DONNY APRILIANANDA
1040,bireuen,PARTAI AMANAT NASIONAL,Drs. H. RIDWAN KHALID,"NERS.HJ.FITRIAH, S.Kep"
1041,bireuen,PARTAI AMANAT NASIONAL,"H. ASRUL ABBAS, SE","Hj. RUDIAH ABDULLAH, S.Ag"
1042,bireuen,PARTAI AMANAT NASIONAL,"SALWA HANUM, A.Ma",MANSUR
1043,bireuen,PARTAI AMANAT NASIONAL,"H. ABDUL FATAH, S.IP, M. Pd",HJ NILAM
1044,bireuen,PARTAI AMANAT NASIONAL,MUHAMMAD DAHLAN,ROSLINDA
1046,bireuen,PARTAI AMANAT NASIONAL,YUSRIANI,SAIFUDDIN BADLI
1047,bireuen,PARTAI BULAN BINTANG,"MURDANI YUSUF, SE",rara
1048,bireuen,PARTAI BULAN BINTANG,Drs. MUHAMMAD NUR AMIN,Dra. Darwani
1050,bireuen,PARTAI BULAN BINTANG,TGK. KHAIRUDDIN,Alawiyah
1051,bireuen,PARTAI BULAN BINTANG,TGK. MAHDI,Sri Wahyuni
1052,bireuen,PARTAI BULAN BINTANG,SRIWATI,Subqi
1053,bireuen,PARTAI BULAN BINTANG,RATNA DEWI R,Baihaqi
1054,bireuen,PARTAI DAERAH ACEH,"JABARDI M. JABIR, SE",NOVIANTI
1055,bireuen,PARTAI DAERAH ACEH,"Drs. M. ISA, MM",RAHMAWATI
1056,bireuen,PARTAI DAERAH ACEH,FITRI WARDANI,MUJIBURRAHMAN
1057,bireuen,PARTAI DAERAH ACEH,H. M. YUSUF ISMAIL,"CUT MARDHIAH, S.Pd"
1059,bireuen,PARTAI DAERAH ACEH,SAYUTI M. YUSUF,IDA PIYARNI
1060,bireuen,PARTAI DEMOKRAT,EDI SAPUTRA,"ALIN, SE."
1061,bireuen,PARTAI DEMOKRAT,"H. BAHARNI, SH.",Anidar
1062,bireuen,PARTAI DEMOKRAT,"SITI AISYAH, SE.","Ir. Yusmaizal, MM."
1063,bireuen,PARTAI DEMOKRAT,MUHAMMAD IQBAL,ASLINA FAHMI
1064,bireuen,PARTAI DEMOKRAT,"ZULFAHMI, S.Hum.",DESI LIANA
1065,bireuen,PARTAI DEMOKRAT,LINDA WATI,Zulfikri
1066,bireuen,PARTAI DEMOKRAT,LELI WAHYUNI,SURYA DARMA
1067,bireuen,PARTAI GERAKAN INDONESIA RAYA,"DARWANSYAH, SE",KAMALIAH
1070,bireuen,PARTAI GERAKAN INDONESIA RAYA,JENNY YUS S,RIZA WIRADARMA
1071,bireuen,PARTAI GERAKAN INDONESIA RAYA,dr. HULAIMI,dr. SRI WAHYUNI
1075,bireuen,PARTAI GOLONGAN KARYA,S. DAHLAWI,"CUT AZIZAH, S.Pd"
1076,bireuen,PARTAI GOLONGAN KARYA,"M.DEWANTARA, S.KH",RAUZAH
1077,bireuen,PARTAI GOLONGAN KARYA,FAUZIAH,"SAIFANNUR, S.SOS"
1078,bireuen,PARTAI GOLONGAN KARYA,"ILHAM AKBAR, ST","RENI TANIA, A.Md"
1079,bireuen,PARTAI GOLONGAN KARYA,"SALMAN, ST",Vera Suryanti
1085,bireuen,PARTAI KEBANGKITAN BANGSA,"RIDHWAN, SH",PUTRI DAHLIANI
1086,bireuen,PARTAI KEBANGKITAN BANGSA,ZULFIKAR. AW,"MUKARRAMAH, SKM"
1087,bireuen,PARTAI KEBANGKITAN BANGSA,NILAWATI MUHAMMAD,T. SAMSUL KANA
1088,bireuen,PARTAI KEBANGKITAN BANGSA,MUZAKKIR,ERMI
1089,bireuen,PARTAI KEBANGKITAN BANGSA,"DRS. RUSLI SULAIMAN, SH",NAZARIAH
1092,bireuen,PARTAI NASDEM,Ir. H. SAIFUDDIN MUHAMMAD,Hj. Roslinawati
1093,bireuen,PARTAI NASDEM,"DR.. T. RASYIDIN MT, S.H, M.H",k
1094,bireuen,PARTAI NASDEM,"JAMALIAH, S.Pd",M. Ramus
1095,bireuen,PARTAI NASDEM,H. DARMANSYAH,Hj. Kartini
1096,bireuen,PARTAI NASDEM,"MUNAWAR, ST",Juli Rosdiana
1097,bireuen,PARTAI NASDEM,SAKDIAH RAZALI,k
1098,bireuen,PARTAI NASDEM,NURJANNAH MAHYEDDIN,k
1099,bireuen,PARTAI SIRA,JAFRIADI,Safriana
1100,bireuen,PARTAI SIRA,FAKHRURRAZI,CUT MASTURA
1101,bireuen,PARTAI SIRA,M YACOB TAILAH,NOVIDA RULLIANA
1103,bireuen,PARTAI SIRA,SAFRINA ZAITUNNUR,RIKI SAPUTRA
1110,bireuen,PERSATUAN INDONESIA,FAUZAN BUKHARI,MECHRONISA
1113,bireuen,PARTAI AMANAT NASIONAL,TEUKU HASBULLAH. HD,Dewi Diana Aji
1114,bireuen,PARTAI AMANAT NASIONAL,"Dr. AHMAD FARHAN HAMID, MS","Ir. Ferry Soraya, MSIE"
1115,bireuen,PARTAI AMANAT NASIONAL,"ERMIADI ABDUL RAHMAN, ST","NOVIANITA AR, SKM"
1116,bireuen,PARTAI AMANAT NASIONAL,"ROSNAWATI, S.Pd.I",KHUWALID
1117,bireuen,PARTAI AMANAT NASIONAL,"H. BASRUN YUSUF, SH",Damayanti
1118,bireuen,PARTAI BERKARYA,Drs. TEUKU BUSTAMI UMAR,ERNAWATI. B
1119,bireuen,PARTAI BERKARYA,"Drs. T.A. RAHMAN ALBA, MM","Cut Nurhayati,SE Ak"
1121,bireuen,PARTAI BERKARYA,SUNDARI,T. MELDY SAHPUTRA
1122,bireuen,PARTAI BULAN BINTANG,"AZHARI CAGE, S.IP",TARMIZI HAMZAH
1124,bireuen,PARTAI BULAN BINTANG,"H. A. RIDWAN M DALLAH, SE",HJ. DR. FATIMAH ZURAIDA
1125,bireuen,PARTAI BULAN BINTANG,"ISWADI, M.Pd",SITI AMINAH
1126,bireuen,PARTAI BULAN BINTANG,"PIPIH SOPIAH, SE",ABDULLAH
1127,bireuen,PARTAI DEMOKRASI INDONESIA PERJUANGAN,Ir. H. TAGORE ABU BAKAR,MEUTIA FAUZIAH
1128,bireuen,PARTAI DEMOKRASI INDONESIA PERJUANGAN,"HJ. MARIA KARSIA, S.S.",A. TAVIP SYAH
1129,bireuen,PARTAI DEMOKRASI INDONESIA PERJUANGAN,"GUNTARAYADI, S.P.",EMI SHINTA SITANGGANG
1130,bireuen,PARTAI DEMOKRASI INDONESIA PERJUANGAN,HUSAINI MH,DARA ARUNI
1131,bireuen,PARTAI DEMOKRASI INDONESIA PERJUANGAN,MUHAMMAD SUFI,Rizwana
1132,bireuen,PARTAI DEMOKRASI INDONESIA PERJUANGAN,"LISNAWATI GINTING, S.H.,M.H.",RIDHO MARIUS BANGUN
1133,bireuen,PARTAI GERAKAN INDONESIA RAYA,"Ir. H. T. A. KHALID, M.M",CUT AFNI ZAHARA
1134,bireuen,PARTAI GERAKAN INDONESIA RAYA,CUT PUTEH,BAPAK
1135,bireuen,PARTAI GERAKAN INDONESIA RAYA,"FERRY MUNANDAR, ST",IBU
1136,bireuen,PARTAI GERAKAN INDONESIA RAYA,"Ir. H. NASARUDDIN, MM",Hj. APINI
1137,bireuen,PARTAI GERAKAN INDONESIA RAYA,"SITI NURMASYITHAH, S.Sos",BAPAK
1138,bireuen,PARTAI GOLONGAN KARYA,ILHAM PANGESTU,VENTY ANGRIANI
1139,bireuen,PARTAI GOLONGAN KARYA,DRS. H. MARZUKI DAUD,POCUT OLLY IDAMULINA
1141,bireuen,PARTAI GOLONGAN KARYA,"FIRMANDEZ, S.E., Ak.",ROSMULYATI
1142,bireuen,PARTAI GOLONGAN KARYA,"REDUK NILAWARNI, S.Pd",ZAMHARIR AR
1143,bireuen,PARTAI GOLONGAN KARYA,T. YUSNI,ROSMALINA
1144,bireuen,PARTAI KEADILAN SEJAHTERA,"H. MUHAMMAD NASIR DJAMIL, S. AG.,M. Si",KHASANAH
1145,bireuen,PARTAI KEADILAN SEJAHTERA,"TGK. H. MUHAMMAD NUR, M. Si",dr. Nur Asiah Fitria
1146,bireuen,PARTAI KEADILAN SEJAHTERA,BARMANSYAH,INDI LISTYOWATI
1147,bireuen,PARTAI KEADILAN SEJAHTERA,"M. YUSUF ISMAIL PASE, SH, MH",HJ. MEUTIA AHMAD S.Pd
1148,bireuen,PARTAI KEADILAN SEJAHTERA,"SARI DEWI, SE.Ak",M. Fauzi
1150,bireuen,PARTAI KEBANGKITAN BANGSA,"SAYUTI, SH.MH",YULINDA
1152,bireuen,PARTAI KEBANGKITAN BANGSA,RUSLAN M. DAUD,HJ. FARIDAH BINTI ADAM
1153,bireuen,PARTAI KEBANGKITAN BANGSA,RAHMI ABDI,Ngatimin
1154,bireuen,PARTAI KEBANGKITAN BANGSA,"FAISAL RIDHA, S.Ag., MM",Maitanur binti Mahyiddin
1155,bireuen,PARTAI NASDEM,ZULFAN LINDAN,Nurdjannah
1156,bireuen,PARTAI NASDEM,MUHARUDDIN,Syarifah Rahmah
1157,bireuen,PARTAI NASDEM,FATIMAH ZUHRA,Muhammad Syukri
1158,bireuen,PARTAI NASDEM,EFENDI,Asmaryati
1159,bireuen,PARTAI NASDEM,"DR. IBRAHIM HASYIM SE, MM",Joy Sarabia Ibrahim
1161,bireuen,PARTAI PERSATUAN PEMBANGUNAN,"H ANWAR IDRIS,DRS",Hj. Rohayanilawati
1162,bireuen,PARTAI PERSATUAN PEMBANGUNAN,AKMAL HANIF,Putri
1163,bireuen,PARTAI PERSATUAN PEMBANGUNAN,NURHANITA ZAHARA,"Sudianto, SH"
1164,bireuen,PARTAI PERSATUAN PEMBANGUNAN,Ir. SYUKUR KOBATH,Iwardatika
1165,bireuen,PARTAI PERSATUAN PEMBANGUNAN,"JAMALUDIN, SE",Arie Wardiana
1166,bireuen,PARTAI PERSATUAN PEMBANGUNAN,CUT FATNIAH,"Dedi Fariadi,M.Pd"
1167,bireuen,PARTAI SOLIDARITAS INDONESIA,"KAMARUDDIN, SH",RR ILMIA ASTUTI RAHAYU
1168,bireuen,PARTAI SOLIDARITAS INDONESIA,"RAMADLAN, ST, MT",ROSNAWATI AMD KES
1169,bireuen,PARTAI SOLIDARITAS INDONESIA,IKA LESTARI,NN
1171,bireuen,PARTAI SOLIDARITAS INDONESIA,ZAMZAMI,CUT SANTI NORAVITA
1174,bireuen,PERSATUAN INDONESIA,HERMAN KOSASIH,RATNA DEWI
1175,bireuen,PERSATUAN INDONESIA,"HERMAN BAHARI, S.H",SITI AISYAH
1176,bireuen,PERSATUAN INDONESIA,"RAZALI ZAINUDDIN, A.Md.","Idawati, S.Km"
1178,bireuen,PERSATUAN INDONESIA,SIWI ASRI MOPRIRATNA,DONNY APRILIANANDA
1179,bogor,PARTAI AMANAT NASIONAL,H SUPONO,"Hj. Kusmiati, St. Solikhah"
1180,bogor,PARTAI AMANAT NASIONAL,"MARYONO, S.E",BARKAH SARIATUN
1181,bogor,PARTAI AMANAT NASIONAL,NURITA APRILLIA DEWI,ARIF BUDIMAN
1182,bogor,PARTAI AMANAT NASIONAL,"VIQROUSY PRABUANA SUKMA, SE.",INANDA ROSTIYANA DEWI
1185,bogor,PARTAI AMANAT NASIONAL,"EDI PRAYITNO, SH MH",ANNA KHOIRU NISYA
1187,bogor,PARTAI AMANAT NASIONAL,"YASSER ARAFAT, SH., MKn.","RITA ADRIANI, S.Sos."
1188,bogor,PARTAI AMANAT NASIONAL,HJ. POLLY YULIANA,MOCH ZEN
1189,bogor,PARTAI BERKARYA,MUHSIN,SITI DJULIAH
1191,bogor,PARTAI BERKARYA,"DRS. MUALLIM DAUD, M.M",RATNA L ASFANINGDYAH
1192,bogor,PARTAI BERKARYA,SUGENG ANTO,ELIDA YANTI
1193,bogor,PARTAI BERKARYA,MADURATNA LULUK AFRIDA,MARTIN PESIK
1195,bogor,PARTAI BULAN BINTANG,"Drs.. MULYANA HIDAYAT, S.Mn., M.E.Sy.",YANI SURYANI FIKRIAH
1197,bogor,PARTAI BULAN BINTANG,NURLAELA,SOLAHUDDIN
1200,bogor,PARTAI BULAN BINTANG,Drs.. H.M. YAZID SALMAN,MULYASARI
1202,bogor,PARTAI KEADILAN DAN PERSATUAN INDONESIA,"GERRY M SUWARYO, SE.,MM.","MILA KENCANA, SE"
1203,bogor,PARTAI KEADILAN DAN PERSATUAN INDONESIA,VANNY KURNIARAMADHANI S,FIRMAN
1204,bogor,PARTAI KEADILAN DAN PERSATUAN INDONESIA,CECEP RUMAENUR,TITA PUSPITAWATI
1205,bogor,PARTAI KEADILAN SEJAHTERA,"ASEP TEGUH FIRMANSYAH, S.KM.",Lita Indriapuspita
1206,bogor,PARTAI KEADILAN SEJAHTERA,"DEWI RACHMAWATI, S.E.",Indra Setiawan
1207,bogor,PARTAI KEADILAN SEJAHTERA,IR.. AJI ASYHARI,SUTINI
1208,bogor,PARTAI KEADILAN SEJAHTERA,"DESY MUZFIDA, S.Ag.","Efendi, S.Pd."
1209,bogor,PARTAI KEADILAN SEJAHTERA,"H. MOCHAMAD ICHSAN M., A.Md.",Diah Puspita Sari
1211,bogor,PARTAI KEADILAN SEJAHTERA,SADARI,Siti Khotijah
1212,bogor,PARTAI KEADILAN SEJAHTERA,"EVI AFIAH, S.Ag.",Drs. Iman Setiady
1213,bogor,PARTAI KEADILAN SEJAHTERA,MURDOKO,NENI
1214,bogor,PARTAI KEADILAN SEJAHTERA,IR. LIAWATI,Adi J. Mustafa
1215,bogor,PARTAI KEBANGKITAN BANGSA,"ERNI SUGIYANTI, S.Ag",H. NGATIMO
1217,bogor,PARTAI KEBANGKITAN BANGSA,BAN BAN BASKARA,Tika
1218,bogor,PARTAI KEBANGKITAN BANGSA,AWALUDIN,DESSY EKAWATY
1219,bogor,PARTAI KEBANGKITAN BANGSA,SUSANTI,LILIK AHMAD ALIM
1220,bogor,PARTAI KEBANGKITAN BANGSA,EFFENDI,HJ SITI MUNAJAH
1224,bogor,PARTAI KEBANGKITAN BANGSA,ZAINI UZLAH,dr. PUTRI SENNA RAHAYU
1225,bogor,PERSATUAN INDONESIA,"YURIZAL, SE., M.M.",Dra. KHOLIDAH
1226,bogor,PERSATUAN INDONESIA,Drs. MURSIDIN,RITA ROSITA
1228,bogor,PERSATUAN INDONESIA,SYARIFUDIN,"IKRIMAH, S.KEP"
1229,bogor,PERSATUAN INDONESIA,"IPI SILVIA ISKANDAR, S.Kep, M.A K3",HARI SALTOTA
1230,bogor,PERSATUAN INDONESIA,SUHANDA HENDRAWAN,SRI SUBEKTI
1231,bogor,PERSATUAN INDONESIA,"ACHMAD RIDJALULHAQ, S.H.",PUSPITA RAHAYU
1232,bogor,PERSATUAN INDONESIA,SUDIRNO,ANAH JUBARIYAH
1233,bogor,PERSATUAN INDONESIA,"AYU RIZA FATIMAH, S. KOM",SUYUDI
1234,bogor,PERSATUAN INDONESIA,"SATYA NUGRAHA, A.MTrU",EVIE LISMAYANTY
1235,bogor,PARTAI AMANAT NASIONAL,"PRIMUS YUSTISIO, SE",Jihan Fahira
1236,bogor,PARTAI AMANAT NASIONAL,"Hj. RR ENDAH OCTAVIA HARTANTI, SE",ANDY HARDIANTO
